title,id,author,date,doi,type
annual (2024) taxonomic update of rna-directed rna polymerase-encoding negative-sense rna viruses (realm riboviria: kingdom orthornavirae: phylum negarnaviricota),40512168,"['kuhn jh, adkins s, alkhovsky sv, an w, avsic-zupanc t, ayllon ma, bacnik k, bahl j, balkema-buschmann a, ballinger mj, beer m, bejerman n, bergeron e, biedenkopf n, blair cd, blasdell kr, bradfute sb, briese t, brown k, brown pa, buchholz uj, buchmeier mj, bukreyev a, burt f, calisher ch, calvelage s, cao m, casas i, chabi-jesus c, chandran k, charrel rn, crane a, cuypers ln, bo ed, torre jc, souza wm, swart rl, debat hj, dheilly nm, di paola n, di serio f, dietzgen rg, digiaro m, drexler jf, duprex wp, durrwald r, easton aj, elbeaino t, ergunay k, eshak miy, feng g, firth ae, fooks ar, formenty pbh, freitas-astua j, freuling cm, gadd t, gago-zachert s, garcia ml, garcia-sastre a, garrison ar, goldberg tl, gonzalez jj, gouy bellocq j, griffiths a, groschup mh, gryseels s, gutierrez-aguirre i, gunther s, hammond j, hepojoki j, horie m, hume aj, hyndman th, hoper d, jiang d, junglen s, klempa b, klingstrom j, kondo h, koonin ev, krupovic m, kubota k, kurath g, kutnjak d, laenen l, lambert aj, lee b, li c, li j, li jm, lukashevich is, maes p, marklewitz m, marshall sh, marzano sl, mccauley jw, mehle n, mirazimi a, morikawa t, et al.']",2025,10.1099/jgv.0.002077,TypeEnum.ARTICLE
global incidence of pertussis after the covid-19 pandemic,41324955,"['gorringe a, cavell b, beard f, tsukada k, otsuka n, fu p, moosa f, fabianova k, rodrigues c, bouchez v, toubiana j, brisse s, dalby t, he q, campbell h, hozbor d, hariri s, pawloski l, scanlon k, edwards k.']",2025,10.1001/jamanetworkopen.2025.45963,TypeEnum.ARTICLE
1206 genomes reveal origin and movement of aedes aegypti driving increased dengue risk,40966355,"['crawford je, balcazar d, redmond s, rose nh, youd ha, lucas er, ali rsm, alnazawi a, badolo a, chen ch, cosme lv, henke ja, hung ky, kluh s, liu wl, maringer k, martins a, micieli mv, pless e, sombie a, surendran sn, wahid i, armbruster pa, weetman d, mcbride cs, gloria-soria a, powell jr, white bj.']",2025,10.1126/science.ads3732,TypeEnum.ARTICLE
copper overload worsens the inflammatory response of microglia to amyloid beta (ab) by impairing phagocytosis and promoting mitochondrial dna-mediated nlrp3 inflammasome activation,40992081,"['zubillaga m, abadin x, ivars e, puigros m, trullas r, bellini mj, arnal n, colell a.']",2025,10.1016/j.redox.2025.103872,TypeEnum.ARTICLE
survival outcomes and impact of targeted pah therapy in portopulmonary hypertension in the pvri godeep meta-registry,40636151,"['jose a, yogeswaran a, fuenderich m, kiely d, sweatt aj, zamanian rt, hassoun pm, mouawad a, balasubramanian a, wilkins m, lawrie a, howard l, sahay s, olschewski h, kovacs g, saleh k, sabbour h, eichstaedt ca, grunig e, giannakoulas g, arvanitaki a, sirenko y, torbas o, cajigas h, frantz r, scelsi l, ghio s, majeed rw, wilhelm j, ghofrani ha, grimminger f, tello k, elwing j, seeger w; pvri-godeep-consortium.']",2025,10.1002/pul2.70121,TypeEnum.ARTICLE
interplay of virulence factors and signaling molecules: albumin and calcium-mediated biofilm regulation in bordetella bronchiseptica,40135913,"['mugni sl, ambrosis n, o toole ga, sisti f, fernandez j.']",2025,10.1128/jb.00445-24,TypeEnum.ARTICLE
country-specific data and priorities for pertussis in latin america: recent findings from the global pertussis initiative,40365078,"['ulloa-gutierrez r, hozbor d, avila-aguero ml, echaniz-aviles g, gentile a, torres torretti jp, heininger u, muloiwa r, wirsing von konig ch, forsyth k, tan tq.']",2025,10.1093/ofid/ofaf154,TypeEnum.ARTICLE
highlights of the 14th international bordetella symposium,40377335,"['munoz navarrete k, edwards km, mills khg, kamanova j, rodriguez me, gorringe a, preston a, kampmann b, gestal mc, harvill et, dubey p, diavatopoulos da, mattoo s, scanlon km, locht c, sebo p.']",2025,10.1128/msphere.00189-25,TypeEnum.ARTICLE
white matter volume and microstructural integrity are associated with fatigue in relapsing multiple sclerosis,40355645,"['figueroa-vargas a, navarrete-caro s, carcamo c, ciampi e, vasquez-torres m, soler b, montalba c, iriarte-carter m, martinez-molina mp, carvajal-paredes p, ayala-ochoa m, marquez-rodriguez v, figueroa-taiba p, diaz-diaz m, herrero j, henriquez-ch r, stecher x, manterola c, zamorano f, guevara p, aboitiz f, billeke p.']",2025,10.1038/s41598-025-01465-6,TypeEnum.ARTICLE
nkcc1 inhibition improves sleep quality and eeg information content in a down syndrome mouse model,40224007,"['bolla m, colombo g, falappa m, pace m, baravalle r, martinez n, montani f, tucci v, cancedda l.']",2025,10.1016/j.isci.2025.112220,TypeEnum.ARTICLE
brain-acting hepatokines: its impact on energy balance and metabolism,40443802,"['giovanini l, wanionok n, perello m, cornejo mp.']",2025,10.3389/fnins.2025.1589110,TypeEnum.ARTICLE
hiv infection drives proinflammatory adipocyte differentiation in an in vitro model and reveals a new inflammatory pathway,40746960,"['freiberger rn, lopez cam, sviercz fa, jarmoluk p, palma mb, garcia mn, quarleri j, delpino mv.']",2025,10.3389/fcimb.2025.1627963,TypeEnum.ARTICLE
incorporation of monophosphoryl lipid a and cpg-oligodeoxynucleotides into lipid nanoparticles activates toll-like receptor signaling pathways while maintaining antigen expression for mrna-based vaccinations,41043736,"['vaquero ap, calderon-ruiz p, gambaro r, rivero-berti i, limeres mj, ghazi sf, huck-iriart c, meyer cu, cacicedo ml, hankeln t, si s, lieberwirth i, landfester k, alba soto c, tekiel v, bros m, gehring s, islan ga.']",2025,10.1016/j.ijbiomac.2025.148058,TypeEnum.ARTICLE
architecture and regulatory functions of c-di-gmp signaling in classical bordetella species,41452322,"['vondrova d, mugni sl, blumenstein j, kasiztky c, sisti f, fernandez j, kamanova j.']",2026,10.1093/femsre/fuaf065,TypeEnum.ARTICLE
vav2 drives egfr-mediated rac1 responses in prostate cancer,40183768,"['baker mj, zhang s, zhang d, searle j, lal p, vlaar cp, dharmawardhane s, abba mc, kazanietz mg, cooke m.']",2025,10.1158/1541-7786.mcr-24-0957,TypeEnum.ARTICLE
"strontium isoscapes for provenance, mobility and migration: the way forward",40535935,"['spies mj, alblas a, ambrose sh, barakat s, barberena r, bataille c, bowen gj, britton k, cawthra h, diamond r, dosseto a, evans ja, fisher e, gray k, heddell-stevens p, holt e, james hf, janzen a, le corre m, le roux p, lee-thorp j, mackay a, mcneill pj, montgomery j, mugabe b, oelze vm, pfab m, richards mp, samec ct, santana-sagredo f, serna a, stantis c, snoeck c, stewart b, stuurman c, tarrant d, west ag, winter-schuh c, sealy j.']",2025,10.1098/rsos.250283,TypeEnum.ARTICLE
effects of fluids on sublingual microcirculation: a point of view review,41247634,['dubin a.'],2025,10.1186/s13613-025-01607-z,TypeEnum.ARTICLE
establishing centers of excellence for psoriatic disease in latin america: consensus recommendations from the real-panlar group,40816745,"['garcia-salinas r, ogdie a, sommerfleck f, soriano er, ribeiro al, avellanal v, badilla j, cachafeiro a, castro ayarza jr, colman n, garro b, vodnizza si, londono-garcia a, londono j, palleiro d, pacheco-tena c, rios c, then j, ugarte-gil mf, caballero cv, beltran pa, santos-moreno p.']",2025,10.3899/jrheum.2025-0405,TypeEnum.ARTICLE
global impacts dataset of invasive alien species (gidias),40399318,"[""bacher s, ryan-colton e, coiro m, cassey p, galil bs, nunez ma, ansong m, dehnen-schmutz k, fayvush g, fernandez rd, hiremath aj, ikegami m, martinou af, mcdermott sm, preda c, vila m, weyl olf, aravind na, angelidou i, athanasiou k, atkore v, barney jn, blackburn tm, brockerhoff eg, carbutt c, carisio l, castro-diez p, cespedes v, christopoulou a, cisneros-heredia df, cooling m, groot m, demetriou j, dickey jwe, duboscq-carra vg, early r, evans tg, flores-males pt, gallardo b, gruber m, hui c, jeschke jm, joelson nz, khan ma, kumschick s, lach l, lapin k, lioy s, liu c, macmullen zj, mazzitelli ma, measey j, mrugala-koese aa, musseau cl, nahrung hf, pepori a, pertierra lr, pienaar ef, pysek p, rivas torres g, rojas martinez ha, rojas-sandoval j, ryan-schofield nl, sanchez rm, santini a, santoro d, scalera r, schmidt l, shivambu tc, sohrabi s, tricarico e, trillo a, van't hof p, volery l, zengeya ta.""]",2025,10.1038/s41597-025-05184-5,TypeEnum.ARTICLE
"expert review in diagnostic, therapeutic and follow-up of fabry disease in latin america based on patient care standards",40276562,"['giugliani r, politei j, martins a, murillo n, rozenfeld p, lopera m, salgado s, quiros g, marques c, vieira o, amartino h, perretta f, marques e silva s, brooks j, titievsky l, villalobos j, braga c, penaranda ha.']",2025,10.1016/j.ymgmr.2025.101218,TypeEnum.ARTICLE
osteology of the skull of tropidosuchus romeri (archosauriformes: proterochampsidae),40503248,"['mamani ca, trotteyn mj, novas fe, desojo jb, ezcurra md.']",2025,10.1098/rsos.250248,TypeEnum.ARTICLE
"loss of na(+),hco(3) (-)-cotransporter nbcn1 inhibits net acid extrusion in the atria and causes hypertension-associated cardiac hypertrophy",40631384,"['espejo ms, orlowski a, sorensen tm, matchkov vv, aiello ea, boedtkjer e.']",2025,10.1111/apha.70078,TypeEnum.ARTICLE
harnessing outer membrane vesicles derived from bordetella pertussis to overcome key limitations of acellular pertussis vaccines,40963598,"['locati l, bottero d, carriquiriborde f, lopez o, pschunder b, zurita e, martin aispuro p, gaillard me, hozbor d.']",2025,10.3389/fimmu.2025.1655910,TypeEnum.ARTICLE
plasma leap2 concentration is associated with energy intake and postprandial insulin increase depending on meal size but not weight status in men,40406913,"['andreoli mf, francesco pn, titova oe, perello m, schioth hb.']",2025,10.1111/dom.16483,TypeEnum.ARTICLE
"celebrating the fifth edition of the international symposium on fungal stress - isfus, a decade after its 2014 debut",40707112,"['alder-rangel a, rangel aea, casadevall a, gusa a, xue c, boone cm, hittinger ct, masuda ca, olivares-yanez c, bell-pedersen d, washington ej, braus g, janbon g, pocsi i, stajich je, dunlap jc, bennett jw, heitman j, lu l, landi l, shinohara ml, poeta m, acheampong ma, maltz mr, lorenz mc, nowrousian m, glass nl, broderick na, pedrini n, osherov n, billmyre rb, sarrocco s, leibundgut-landmann s, vicente va, lin x, zhao xq, bahn ys, lewis za, rangel den.']",2025,10.1016/j.funbio.2025.101590,TypeEnum.ARTICLE
evidence for longitudinally polarized w bosons in the electroweak production of same-sign w boson pairs in association with two jets in pp collisions at sqrt[s]=13  tev with the atlas detector,41004732,"['aad g, aakvaag e, abbott b, abdelhameed s, abeling k, abicht nj, abidi sh, aboelela m, aboulhorma a, abramowicz h, abulaiti y, acharya bs, ackermann a, adam bourdarios c, adamczyk l, addepalli sv, addison mj, adelman j, adiguzel a, adye t, affolder aa, afik y, agaras mn, aggarwal a, agheorghiesei c, ahmadov f, ahuja s, ai x, aielli g, aikot a, ait tamlihat m, aitbenchikh b, akbiyik m, akesson tpa, akimov av, akiyama d, akolkar nn, aktas s, alberghi gl, albert j, albicocco p, albouy gl, alderweireldt s, alegria zl, aleksa m, aleksandrov in, alexa c, alexopoulos t, alfonsi f, algren m, alhroob m, ali b, ali hmj, ali s, alibocus sw, aliev m, alimonti g, alkakhi w, allaire c, allbrooke bmm, allen js, allen jf, allport pp, aloisio a, alonso f, alpigiani c, alsolami zmk, alvarez fernandez a, alves cardoso m, alviggi mg, aly m, amaral coutinho y, ambler a, amelung c, amerl m, ames cg, amezza t, amidei d, amini b, amirie k, amirkhanov a, amor dos santos sp, amos kr, amperiadou d, an s, anastopoulos c, andeen t, anders jk, anderson ac, andreazza a, angelidakis s, angerami a, anisenkov av, annovi a, antel c, antipov e, antonelli m, anulli f, aoki m, aoki t, et al.']",2025,10.1103/bpln-ccql,TypeEnum.ARTICLE
integrative functional genomics analysis of kaposi sarcoma cohorts,41073438,"['lacunza e, fink v, naipauer j, salas me, gun am, goldman mj, zhu j, williams s, figueroa mi, cahn p, coso o, cesarman e, ramos jc, abba mc.']",2025,10.1038/s41598-025-08564-4,TypeEnum.ARTICLE
cannabidiol combined with gabaergic drugs but not with sodium channel blockers prevents the development of drug-resistance seizures in a preclinical model,41050418,"['fuentes-mejia m, fallico mj, talevi a, gavernet l, orozco-suarez sa, rocha l.']",2025,10.3389/fphar.2025.1644018,TypeEnum.ARTICLE
gdnf overexpression in astrocytes enhances branching and partially preserves hippocampal function in an alzheimer's rat model,40456763,"['vidal escobedo aa, peralta f, morel gr, avallone m, bjorklund t, reggiani pc, pardo j.']",2025,10.1038/s41598-025-02881-4,TypeEnum.ARTICLE
metabolic profiles of finishing and nonfinishing horses in uruguayan raid competitions,41357616,"['brito g, damian jp, trigo p, ruprechter g.']",2025,10.1155/vmi/4217400,TypeEnum.ARTICLE
are plant-based diets detrimental to muscular strength? a systematic review and meta-analysis of randomized controlled trials,40455307,"['lopez-moreno m, rossi ev, lopez-gil jf, marrero-fernandez p, roldan-ruiz a, bertotti g.']",2025,10.1186/s40798-025-00852-7,TypeEnum.ARTICLE
long-term impact of the covid-19 pandemic on physical activity and estimated cardiorespiratory fitness in south american adults: a multi-country cross-sectional online survey,40759970,"['dourado vz, morais pereira simoes mds, lauria vt, gulayin p, gutierrez l, pena-silva r, pereyra-gonzalez i, ortiz a, lopez-arana s, widyahening is, al-shaar l, danaei g, poggio r; on behalf of lown scholars in physical activity and fitness network (pa&fit).']",2025,10.1186/s13690-025-01664-7,TypeEnum.ARTICLE
fine tuning the morphology of peptide amphiphile nanostructures via co-assembly,40666201,"['fiora mm, xing h, cathcarth m, garate o, herrera s, picco as, ybarra g, conda-sheridan m, tagliazucchi m.']",2025,10.1039/d5sc02935j,TypeEnum.ARTICLE
biotransformation and biological fate of magnetic iron oxide nanoparticles for biomedical research and clinical applications,40255989,"['jacinto c, javed y, lavorato g, tarraga wa, conde bic, orozco jm, picco as, garcia j, dias csb, malik s, sharma sk.']",2025,10.1039/d5na00195a,TypeEnum.ARTICLE
does provable absence of barren plateaus imply classical simulability?,40855050,"['cerezo m, larocca m, garcia-martin d, diaz nl, braccia p, fontana e, rudolph ms, bermejo p, ijaz a, thanasilp s, anschuetz er, holmes z.']",2025,10.1038/s41467-025-63099-6,TypeEnum.ARTICLE
"biophysical reviews (issue 2 2025): lafebs, alive, kicking, and growing: the story continues..",40376422,"['peluffo rd, itri r, barbosa lr, valle alonso s, gonzalez flecha fl.']",2025,10.1007/s12551-025-01315-9,TypeEnum.ARTICLE
update and admet profile of the latin american natural product database: lanapdb,41369642,"['gomez-garcia a, lavecchia mj, olmedo da, solis pn, medina-franco jl.']",2025,10.1002/minf.70013,TypeEnum.ARTICLE
structure and nanotoxicity of fungal chitin-glucan nanofibrils with gradient acid and alkaline treatments,40159005,"['cadavid j, larranaga a, lizundia e.']",2025,10.1016/j.carbpol.2025.123484,TypeEnum.ARTICLE
promising prodiginins biological activities,40244866,"['ladetto mf, gantner me, rodenak-kladniew be, rodriguez s, cuestas ml, talevi a, castro gr.']",2025,10.1002/cbdv.202402940,TypeEnum.ARTICLE
methods to assess on-farm biosecurity in europe and beyond,40073589,"['duarte f, tamminen lm, kjosevski m, ciaravino g, delpont m, correia-gomes c, van den borne bhp, chantziaras i, alarcon lv, svennesen l, toppari i, piccirillo a, gecaj rm, zbikowski a, nunes t, prodanov-radulovic j, nardi m, nedosekov v, desvars-larrive a, allepuz a.']",2025,10.1016/j.prevetmed.2025.106486,TypeEnum.ARTICLE
ionic self-assembly of redox-active polyelectrolyte-surfactant complexes: mesostructured soft materials for electrochemical nanoarchitectonics,40458735,"['cortez ml, piccinini e, rafti m, marmisolle w, battaglini f, azzaroni o.']",2025,10.1080/14686996.2025.2497309,TypeEnum.ARTICLE
bark and ambrosia beetle communities in hazelnut orchards of italy and georgia,41302894,"['cresta e, di sora n, masturzi r, rossini l, maspero m, kodua m, gregorio t, petrovic m, speranza s, contarini m.']",2025,10.3390/insects16111148,TypeEnum.ARTICLE
primer consenso argentino en esquizofrenia: tercera parte. lineamientos para el abordaje integral del tratamiento,41964543,"['corrales a, abadi a, bartoli g, benavente pinto c, cabrera a, camino s, corral r, delmonte g, garcia bonetto g, garay cj, gargoloff d, gargoloff p, goldchuk a, iveli mf, jufe g, lamaison f, leiderman e, lopez mato a, marengo e, maresca t, michat md, morra c, prokopez c, ramirez j, rebok f, rubio dominguez e, sotelo d, strejilevich s, toro martinez e, vazquez g, vilaprino jj, vilaprino m, waisman campos m, grasso v, cetkovich-bakmas m.']",2026,10.53680/vertex.v37i171.979,TypeEnum.ARTICLE
technological and nutritional characteristics of gluten-free pasta enriched with tomato and linseed by-products,41111897,"['pasini g, arp cg, leo s, brandolini a, estivi l, hidalgo a.']",2025,10.1002/fsn3.71105,TypeEnum.ARTICLE
"allocation patterns and strategies of carbon, nitrogen, and phosphorus densities in three typical desert plants",40508270,"['zhao g, tariq a, mu z, zhang z, graciano c, cong m, dong x, sardans j, al-bakre da, penuelas j, zeng f.']",2025,10.3390/plants14111595,TypeEnum.ARTICLE
genetic diversity of dioctophyme renale in southern south america,39462818,"['arce lf, facelli fernandez f, giorello n, butti m, maldonado ll, arrabal jp, natalini mb, kowalewski m, pedrassani d, silveira mascarenhas c, da silva rappeti jc, zilli f, beldomenico pm, lia v, franchini gr, kamenetzky l.']",2025,10.1017/s0031182024001379,TypeEnum.ARTICLE
new technologies for identification and surveillance of chagas disease vectors,41920171,"['gurgel-goncalves r, juliao gr, ferreira ra, souza rcm, rojas-cortez m, vieira tm, miranda vl, brant jl, obara mt, silva rae, ibarrola-vannucci ak, marti g, ceccarelli s.']",2026,10.1590/0037-8682-0597-2025,TypeEnum.ARTICLE
global determinants of coastal migration under climate change,40715055,"['duijndam sj, botzen wjw, hagedoorn lc, ton m, bruijn j, carretero s, dachary-bernard j, rulleau b, aerts jcjh.']",2025,10.1038/s41467-025-59199-y,TypeEnum.ARTICLE
inwardly rectifying potassium channels: critical insights for insect species and apis mellifera,40641062,"['sourisseau f, doupnik ca, charnet p, chahine m.']",2025,10.1080/19336950.2025.2529250,TypeEnum.ARTICLE
"trophic behavior and parasite communities in kelp gulls from the northern patagonian coast, argentina",40595310,"['lorenti e, cremonte f, minardi g, bertellotti m, navone g, diaz ji.']",2025,10.1038/s41598-025-07544-y,TypeEnum.ARTICLE
real-world effectiveness and safety of teduglutide in adult and pediatric patients with short bowel syndrome in argentina,41378076,"['solar muniz h, fernandez a, busoni v, martinez mi, rumbo c, barrio s, saure c, balacco m, buncuga mg, dlugoszweski c, manzur a, rudi l, matoso md, cosentino s, ussher f, manzur f, demarchi j, malaver e, brion l, ungar l.']",2025,10.4292/wjgpt.v16.i4.110642,TypeEnum.ARTICLE
potential of andean grains as substitutes for animal proteins in vegetarian and vegan diets: a nutritional and functional analysis,40941103,"['quevedo-olaya jl, schmiele m, correa mj.']",2025,10.3390/foods14172987,TypeEnum.ARTICLE
mercury contamination of sympatric seabirds and associated health risks in an antarctic ecosystem,40447024,"['mills wf, ibanez ae, bustamante p, waterman j, morales lm, mariano-jelicich r, montalti d, black s.']",2025,10.1016/j.envres.2025.121990,TypeEnum.ARTICLE
human tissue oxygen and strontium isotope values in north america: a data compilation and assessment for forensic geolocation,40139978,"['verostick ka, serna a, stantis c, bowen gj.']",2025,10.1111/1556-4029.70030,TypeEnum.ARTICLE
mosquitoes and the city: effects of urbanization on aedes albopictus and culex pipiens captures in southern spain,41220021,"['garrido m, parra p, veiga j, garrigos m, panisse g, martinez-de puente j.']",2025,10.1186/s13071-025-07094-2,TypeEnum.ARTICLE
[first argentine consensus statement on the management of schizophrenia. section i: introduction and general concepts],41172024,"['corrales a, abadi a, asociacion familiares esquizofrenicos aafe, bartoli g, benavente pinto c, cabrera a, camino s, corral r, delmonte g, garcia bonetto g, garay cj, gargoloff d, gargoloff p, goldchuk a, iveli mf, jufe g, lamaison f, leiderman e, lopez mato a, marengo e, maresca t, michat d, morra c, prokopez c, ramirez j, rebok f, rubio dominguez e, sotelo d, strejilevich s, toro martinez e, vazquez g, vilaprino jj, vilaprino m, waisman campos m, grasso v, cetkovich-bakmas m.']",2025,10.53680/vertex.v36i169.900,TypeEnum.ARTICLE
baculovirus-mediated gene therapy: targeting birc6 for lung and breast cancer,41305480,"['marchesini a, gomez bergna sm, amoros morales lc, lopez mf, vasquez l, tongiani se, gonzalez moran f, romanowski v, gottardo mf, pidre ml.']",2025,10.3390/v17111458,TypeEnum.ARTICLE
structure and evolution of the embryonic cartilaginous skull of crocodilians,41200243,"['fernandez blanco mv, werneburg i.']",2025,10.1098/rsos.251281,TypeEnum.ARTICLE
optimizing cryopreservation protocols of saccharomyces eubayanus using heat transfer modeling,41826753,"['caruso ma, libkind d, zaritzky n, santos mv.']",2026,10.1007/s00253-026-13779-0,TypeEnum.ARTICLE
"characterization of rcga and rcgr, two rhizobial proteins involved in the modulation of plasmid transfer",41738746,"['castellani lg, cabrera md, luchetti a, nilsson jf, perez-gimenez j, banuelos-vazquez la, alva a, wibberg d, busche t, kalinowski j, schluter a, puhler a, niehaus k, pistorio m, torres tejerizo g.']",2026,10.1128/spectrum.03242-25,TypeEnum.ARTICLE
a preclinical investigation of estrogenic bone protection in a hypertensive rat model under gender-affirming hormone therapy,40563901,"['streckwall l, colareda ga, escudero d, diaz rg, fernandez jm.']",2025,10.3390/biology14060650,TypeEnum.ARTICLE
"mashua (tropaeolum tuberosum ruiz & pavon): nutritional composition, bioactive compounds, and functional potential as an andean natural ingredient",41464904,"['luera-quinones s, correa mj, moreno-rojo c, salvador-reyes r, paucar-menacho lm.']",2025,10.3390/foods14244198,TypeEnum.ARTICLE
early career ocean professionals' declaration on ocean negative carbon emissions for our ocean and future,40979291,"['li s, addey ci, roman r, hayashida h, jiang c, hu c, coronado-alvarez lla, lim hg, akmal sg, orji cm, arora p, li r, pm s, adesina rb, lindemann c, ma d, sarkar s, mascioni m, monteiro t, liu c, ojwala ra, tabilog mv, roeroe ka, oladejo ho, daramola so, da costa d, guo t, chicaiza-ortiz c, adebiyi aa, ahmed mr, baloch a, andueza st, ansong jk, appalanaidu s, asif f, awa at, baguya e, batista m, benedict oe, bobby f, busumprah pt, cardoso m, oliveira carvalho adc, crea td, channimol k, cheah w, chinwendu ig, dinoi a, egbe ki, eshun j, gaitan espitia jd, essel da, fox n, fraser k, gaglioti m, gerbrand k, gusatu l, hernandez contreras da, iradukunda tm, khalfan zm, khatib l, kim m, koch m, liu j, mandal sk, manivong s, mcateer b, mgbechidinma cl, ngo th, nirmale ms, noonan birch r, oginni te, olalekan ie, offei-darko l, puigcorbe v, gandhi rr, rozaimi m, sanganyado e, sengupta d, singh p, sridhar d, sunanda n, tailor f, tintore b, ugochukwu om, uthaipan k, vargas-fonseca oa, verma a, vives cr, wallschuss s, wang l, wang y, wang y, meng y, schoenbeck m, yan w, yen h, luo t.']",2025,10.1016/j.xinn.2025.101007,TypeEnum.ARTICLE
microbes without borders: uniting societies for climate action,40985999,"['lennon jt, bittleston ls, chen q, cooper vs, fernandez j, gilbert ja, haggblom mm, harper lv, jansson jk, jiao n, kuurstra em, peixoto rs, rappuoli r, schembri ma, ventosa a, vullo dl, zhang c, nguyen nk.']",2025,10.1128/mbio.02136-25,TypeEnum.ARTICLE
standardizing training protocol of an intestinal transplantation model: a learning curve study,41648853,"['azpiroz j, abate jc, andres moreno am, moreira je, hernandez oliveros f, raimondi jc, gondolesi g, lausada nr, stringa p.']",2025,10.1016/j.intf.2025.100060,TypeEnum.ARTICLE
ancient dog mitogenomes support the dual dispersal of dogs and agriculture into south america,40527453,"['manin a, debruyne r, lin a, lebrasseur o, dimopoulos ea, gonzalez venanzi l, charlton s, scarsbrook l, hogan a, linderholm a, boyko ar, joncour p, beron m, gonzalez p, castro jc, cornero s, cantarutti g, lopez mendoza p, martinez i, mendoza espana v, pavlovic d, prates l, prevosti f, rogan j, oyaneder a, power x, defrance s, wylde m, gutierrez b, grouard s, freiwald c, awe jj, ebert ce, hoggarth ja, equihua jc, pereira g, parker h, lefevre c, goepfert n, ostrander e, larson g, frantz l, hitte c, ollivier m.']",2025,10.1098/rspb.2024.2443,TypeEnum.ARTICLE
coupling between neural oscillations and white matter integrity reveals cognitive computational profiles following covid-19,41455796,"['figueroa-vargas a, kausel l, stecher x, zamorano f, aspe-sanchez m, carvajal-paredes p, iriarte-carter m, marquez-rodriguez v, martinez-molina mp, roman c, soto-fernandez p, valdebenito-oyarzo g, z-rivera l, manterola c, uribe-san-martin r, silva c, henriquez-ch r, aboitiz f, polania r, guevara p, munoz-venturelli p, soto-icaza p, billeke p.']",2025,10.1038/s41598-025-33030-6,TypeEnum.ARTICLE
kiwifruit cross-pollination analysis: characterisation of the pollinator-assemblage and practices to enhance fruit quality,40872203,"['meroi arcerito fr, mazzei mp, corti c, lezcano mb, fernandez landa g, fernandez landa m, iglesias ae, ramos f, fernandez nj, damiani n, gende lb, porrini dp, maggi md, galetto l.']",2025,10.3390/plants14162580,TypeEnum.ARTICLE
cannabidiol (cbd) as a novel inhibitor of hla-g expression in human choriocarcinoma cell line (jeg-3),41233461,"['martinez ki, palma mb, sepulveda fj, moavro de, carosella ed, garcia mn, riccillo fl.']",2025,10.1038/s41598-025-23554-2,TypeEnum.ARTICLE
characterization of odorant binding and chemosensory protein families in the kissing bug triatoma infestans: comparative analysis among heteroptera species,40890621,"['volonte m, traverso l, sierra i, aptekmann aa, nadra ad, ons s.']",2025,10.1186/s12864-025-11967-2,TypeEnum.ARTICLE
application of kefir-isolated lactiplantibacillus plantarum and lacticaseibacillus paracasei to obtain a cashew-based fermented beverage with enhanced anti-inflammatory properties,41883803,"['pietrantuono l, sabbione ac, dardis c, garrote gl, bengoa aa.']",2026,10.3389/fmicb.2026.1763414,TypeEnum.ARTICLE
taxonomic revision of the south american genus eudius and first insights into the phylogeny of the tribe eudiagogini (curculionidae: entiminae),41465714,"['rincon ja, rio mg, marvaldi ae.']",2025,10.3390/insects16121278,TypeEnum.ARTICLE
crystal structure of melphalan hydrochloride and its association with caffeine improves its antineoplastic action,40454050,"['da silva jp, cristina da silva batista c, schumacher ml, rodriguez s, talevi a, haddad p, castro gr, ferreira ff.']",2025,10.1021/acsomega.5c01538,TypeEnum.ARTICLE
use of nervous system medications with fetal risk before and during pregnancy in an argentine social security system,41401410,"['alvarez rotondo ca, marin gh, marin l, mollo s, urtasun ma, canas m.']",2025,10.18597/rcog.4347,TypeEnum.ARTICLE
"'the last of them': entomopathogenic effect of akanthomyces muscarius on the scale insect pest toumeyella parvicornis under laboratory conditions, a potential biological control candidate",40974186,"['di sora n, turco s, brugneti f, isoli f, mazzaglia a, contarini m, speranza s, rossini l.']",2025,10.1111/ppl.70533,TypeEnum.ARTICLE
"degradation, cytotoxicity, and antibacterial properties of fe-mg powders in simulated body fluids",41166770,"['estrada rg, fagali ns, multigner m, lozano rm, pacha-olivenza m, gonzalez-martin ml, lieblich m.']",2026,10.1016/j.colsurfb.2025.115213,TypeEnum.ARTICLE
soil-mimicking microfluidic devices reveal restricted flagellar motility of bradyrhizobium diazoefficiens under microconfinement,40281045,"['monteiro mp, carrillo-mora jp, gutierrez n, montagna s, lodeiro ar, cordero ml, marconi vi.']",2025,10.1038/s42003-025-07811-8,TypeEnum.ARTICLE
escaping from flatland: 3d carborane-based bioisosteres of erlotinib as potential anticancer agents,41179166,"['davila b, vignolo p, gonzalez i, lecot n, bonanata jn, garcia mf, echeverria ga, piro oe, cerecetto h, couto m.']",2025,10.1021/acsomega.5c07982,TypeEnum.ARTICLE
humulus lupulus promoting osteoblast activity and bone integrity: effects and mechanisms,40427771,"['wanionok ne, colareda ga, fernandez jm.']",2025,10.3390/biology14050582,TypeEnum.ARTICLE
novel oral papaya-based preventive and therapeutic vaccine for controlling different zoonotic taeniid parasites: current advances,41066986,"['hernandez m, caltempa ao, villalobos n, elisondo mc, guzman c, hernandez-aceves ja, aguilar l, flores-perez i, martinez jj, elguea zarate sd, prieto mjp, meneses g, chea rh, sifontes-rodriguez s, sako y, cardoso-taketa a, villarreal ml, bobes rj, rosas g, fragoso g, sciutto e.']",2025,10.1016/j.vaccine.2025.127818,TypeEnum.ARTICLE
transcriptome analysis of the fat body of the maize pest delphacodes kuscheli (hemiptera: delphacidae) reveals essential roles of fungal endosymbionts,40650753,"['pascual a, calabresi f, fuente d, catalano mi, brentassi me.']",2025,10.1007/s00248-025-02572-7,TypeEnum.ARTICLE
distinctive clinical patterns and management trends in late-onset psoriatic arthritis: data from argentina's reccapso registry,40657284,"['medina ga, fenucci m, magri s, abdala m, arias t, abdala b, abbas l, chandran v, garcia-salinas r.']",2025,10.1177/1759720x251356206,TypeEnum.ARTICLE
antifungal peptides smap(a1-21) and smap(g27-44) designed from different loops of defsm2-d have distinct modes of action,40426497,"['iturralde m, bracho jp, valdivia-perez ja, guzman f, malbran i, mate sm, fanani ml, vairo cavalli s.']",2025,10.3390/antibiotics14050430,TypeEnum.ARTICLE
discovery of tumor antigens in renal cell carcinoma and prospects for clinical application,41972142,"['kagirova e, enikeeva k, mukhamadeev r, asadullina d, sharifyanova y, shmelkova p, gainullina d, trifonova d, gattinger p, docena g, dubovets a, tulaeva i, karaulov a, valenta r, pavlov v.']",2026,10.3389/fimmu.2026.1771006,TypeEnum.ARTICLE
strain-specific quantification of wolbachia density in subtropical argentinean aedes albopictus: effects of tissue location and longevity,41098413,"['chuchuy a, rodriguero ms, micieli mv.']",2025,10.3389/finsc.2025.1655459,TypeEnum.ARTICLE
triatomines outside the americas: a comprehensive dataset for the global surveillance of chagas disease vectors,40909334,"['ceccarelli s, vicente me, liu q, zhou xn, wu d, balsalobre a, bruno ea, barboza se, valente r, marti ga.']",2025,10.46471/gigabyte.163,TypeEnum.ARTICLE
"editorial: mammarenaviruses: pathogenesis, transmission, and treatment",40406349,"['gomez rm, diskin r, paessler s.']",2025,10.3389/fmicb.2025.1615588,TypeEnum.ARTICLE
"landscape genomics and evolutionary history of megamelus scutellaris, a biocontrol agent of the invasive water hyacinth (pontederia crassipes)",41717537,"['salinas na, poveda-martinez d, rodriguero ms, smith mc, brentassi me, sosa aj.']",2026,10.1111/eva.70208,TypeEnum.ARTICLE
"sarcoptic mange in a guanaco (lama guanicoe) of northwestern argentina: clinical, histopathological and molecular studies",40248156,"['sosa fe, anello m, ferreyra hdv, medina dm, micheloud jf, borsetti hm, hernandez n, florin-christensen m, romero sr.']",2025,10.1016/j.ijppaw.2025.101062,TypeEnum.ARTICLE
frequency and characteristics of axial involvement in psoriatic arthritis: results from the international multicentre axis study,41896130,"['torgutalp m, almodovar r, azevedo vf, baraliakos x, bosch fvd, braun j, chandran v, coates lc, deodhar a, diekhoff t, fagni f, floris a, gaalen fav, garcia-salinas r, gensler ls, goel n, gottlieb ab, heijde dv, helliwell ps, hermann kga, kalyoncu u, kiltz u, kynaston-pearson f, lambert rg, laxminarayan r, leung yy, llop m, lopez-medina c, lopez-rodriguez a, gentiloni mml, lunteren mv, magrey m, maharaj ab, maldonado-ficco h, maksymowych wp, marzo-ortega h, massarotti m, mathew aj, mease p, nash p, navarro-compan v, ostergaard m, proft f, protopopov m, ranza r, rohekar s, salvarani c, schiotis re, shenker n, sieper j, solmaz d, soriano er, shan tam l, toledo ra, wei jc, ziade n, gladman dd, poddubnyy d.']",2026,10.1016/j.ard.2026.02.025,TypeEnum.ARTICLE
nonlinear dynamics and applications,40724405,"['amigo jm, montani f.']",2025,10.3390/e27070688,TypeEnum.ARTICLE
"repellent, lethal activity, and synergism of cannabis sativa extracts with terpenes against a laboratory colony of triatoma infestans",41225810,"['dade mm, daniele mr, rodriguez s, diaz p, silvestrini mp, schinella gr, marin gh, barrio d, prieto garcia jm.']",2025,10.3390/plants14213258,TypeEnum.ARTICLE
toward harmonized recommendations for psoriatic arthritis: a comparative viewpoint on global guidelines,40750315,"['ribeiro al, bittar m, hamdi w, mathew aj, proft f, ziade n, garcia-salinas r.']",2025,10.3899/jrheum.2025-0491,TypeEnum.ARTICLE
effects of a novel paraburkholderia phage ipk on the phenanthrene degradation efficiency of the pah-degrading strain paraburkholderia caledonica bk,40965595,"['nieto ee, ghanem n, cammarata rv, borim correa f, coppotelli bm, chatzinotas a.']",2025,10.1007/s10532-025-10181-x,TypeEnum.ARTICLE
population-optimized electrode montage approximates individualized optimization in transcranial temporal interference stimulation,40286492,"['yatsuda k, fernandez-corazza m, yu w, gomez-tames j.']",2025,10.1016/j.compbiomed.2025.110223,TypeEnum.ARTICLE
scalable synthesis of nife-layered double hydroxide for efficient anion exchange membrane electrolysis,40610453,"['seijas-da silva a, hartert a, oestreicher v, romero j, jaramillo-hernandez c, muris ljj, thorez g, vieira bjc, ducourthial g, fiocco a, legendre s, huck-iriart c, mizrahi m, lopez-alcala d, freiberg ats, mayrhofer kjj, waerenborgh jc, baldovi jj, cherevko s, varela m, thiele s, lloret v, abellan g.']",2025,10.1038/s41467-025-61356-2,TypeEnum.ARTICLE
cocoon syndrome as a cause of intestinal failure and indication for combined liver-intestine-kidney transplantation,41648874,"['gentilini mv, doeyo m, marco s, illidge pl, pattin f, fraile a, ramisch d, rumbo m, solar h, gondolesi ge.']",2025,10.1016/j.intf.2025.100310,TypeEnum.ARTICLE
[first argentine consensus on the management of schizophrenia: section two. clinical and diagnostic considerations],41528081,"['corrales a, abadi a, bartoli g, benavente pinto c, cabrera a, camino s, corral r, delmonte g, garcia bonetto g, garay cj, gargoloff d, gargoloff p, goldchuk a, iveli mf, jufe g, lamaison f, leiderman e, lopez mato a, marengo e, maresca t, michat md, morra c, prokopez c, ramirez j, rebok f, rubio dominguez e, sotelo d, strejilevich s, toro martinez e, vazquez g, vilaprino jj, vilaprino m, waisman campos m, grasso v, cetkovich-bakmas m, asociacion ayuda familiares personas con esquizofrenia (aafe).']",2026,10.53680/vertex.v36i170.947,TypeEnum.ARTICLE
enhanced skin delivery of amphotericin b: development and evaluation of polymeric nanoparticles using a porcine ear model,41322537,"['maciel-magalhaes m, ybarra de, maza vega d, sosa am, canabarro br, da silva fff, rocha hva, soledad martinez c, prieto mj, delgado if, patricio bfc.']",2025,10.1021/acsomega.5c05091,TypeEnum.ARTICLE
perfluoropropionic acid (cf(3)cf(2)c(o)oh): three conformations and dimer formation,40363694,"['della vedova co, romano rm, stammler hg, mitzel nw.']",2025,10.3390/molecules30091887,TypeEnum.ARTICLE
wheat straw amendment to an oily sludge pretreated with ammonium persulfate and its impact on the indigenous mycobiota,40537368,"['di clemente na, peluffo m, agnello ac, colman d, buceta n, panno mt, saparrat mcn.']",2025,10.1016/j.ram.2025.05.002,TypeEnum.ARTICLE
"decay stages of jurassic wood debris from scotland: evidence for the coevolution of fungal rot, arthropods and the nurse log strategy",40919706,"['sagasti aj, burne s, wyman j, hetherington aj.']",2025,10.1111/nph.70515,TypeEnum.ARTICLE
lectin-histochemical pattern on the cystic and neoplastic ovaries of bitches,40365948,"[""terra jp, almeida tb, rezende lpo, barbeito cg, acuna f, blume gr, eloi rsa, oliveira lb, santos alrm, sant'ana fjf.""]",2025,10.1111/rda.70075,TypeEnum.ARTICLE
"tobacco consumption, gender and caregiving: a case study in argentina",40759491,"['cruces g, puig j, lunghi i, flores munoz m, paraje g.']",2025,10.1136/tc-2025-059272,TypeEnum.ARTICLE
role of the ca(2+)-atpase pump (serca) in capacitation and the acrosome reaction of cryopreserved bull spermatozoa,41369381,"['rodriguez ma, orlowski a, portiansky el, ferrero p.']",2025,10.3390/cells14231892,TypeEnum.ARTICLE
leap2 modulates b-adrenergic triggered cardiac responses and provokes antihypertensive effects,41619965,"['berrio sia, carvalho jh, dutra jb, eliezeck m, scalzo s, ribeiro jvv, mendonca mm, gomes rm, pedrino gr, colombari e, castrogiovanni d, milagros sm, racioppi mf, petroff mv, cantel s, fehrentz ja, guatimosim s, perello m, castro ch, xavier ch.']",2026,10.1016/j.lfs.2026.124243,TypeEnum.ARTICLE
isotope analysis reveals the relevance of local wild plants in diet and maize as an exotic commodity in pre-hispanic patagonia,40399374,"['serna a, prates l, gonzalez venanzi l, saghessi d, mange e, romano v, montalvo-cabrera ja, salazar-garcia dc.']",2025,10.1038/s41598-025-01042-x,TypeEnum.ARTICLE
the congenital apoa1 k107del mutation disrupts the lipid-free conformation of monomeric apoa1 and impairs oligomerization,41167396,"['diaz ludovico i, gonzalez mc, garda ha, vazquez rf, mate s, tricerri ma, ramella na, bedi s, morris j, street se, geh e, clair gc, davidson ws, melchior jt.']",2025,10.1016/j.jlr.2025.100929,TypeEnum.ARTICLE
patient and public involvement in health technology assessment committees: who is free from conflicts of interest?,41163949,"['marin gh, hasdeu s.']",2025,10.33393/grhta.2025.3623,TypeEnum.ARTICLE
ecological packaging: reuse and recycling of rosehip waste to obtain biobased multilayer starch-based material and pla for food trays,40509370,"['monroy y, versino f, garcia ma, rivero s.']",2025,10.3390/foods14111843,TypeEnum.ARTICLE
clove essential oil and eugenol as natural antifungal agents to reduce postharvest losses in melon (cucumis melo),41096876,"['gimenez-santamarina s, torres-pagan n, larran s, rosello j, santamarina mp.']",2025,10.3390/ijms26199603,TypeEnum.ARTICLE
"detection of bovine leukemia virus in argentine, bolivian, paraguayan and cuban native cattle using a quantitative real-time pcr assay-blv-cocomo-qpcr-2",41156616,"['giovambattista g, bao a, marcuzzi o, vega al, rico jap, ortega masague mf, rojas lac, martinez rd, reinosa ou, aida y.']",2025,10.3390/pathogens14101005,TypeEnum.ARTICLE
monte carlo simulations of transverse relaxation for characterization of physicochemical properties of superparamagnetic iron oxide nanoparticles,41284565,"['klunder l, maus b, rivas aiello mb, drakonaki a, holtkamp m, karst u, gatsogiannis c, strassert c, faber c.']",2026,10.1016/j.mri.2025.110553,TypeEnum.ARTICLE
"effects of intrinsic and extrinsic factors on intestinal parasites in a subpopulation of screaming hairy armadillo, chaetophractus vellerosus (xenarthra: chlamyphoridae) from central-eastern argentina",41840112,"['pagnutti n, lacunza j, vercellini c, plez ragusa mc, fux l, minardi g, abba am, ezquiaga mc.']",2026,10.1007/s00436-026-08654-w,TypeEnum.ARTICLE
comparative genomics and biocontrol potential of five bacillus strains isolated from grapevine rhizosphere,41896600,"['lajoinie dm, rocco welsh r, rey c, nilsson jf, toscani am, djurhuus am, sauka d, hansen lh, jofre e, pistorio m.']",2026,10.1038/s41598-026-44555-9,TypeEnum.ARTICLE
exploring the genetic link between coat colour and morphological traits: the case of peruano de paso horse,41007966,"['karlau a, azcona f, molina a, trigo p, sanchez-serrano jp, demyda-peyras s.']",2025,10.3390/ani15182720,TypeEnum.ARTICLE
uncovering fibrocapsa japonica (raphidophyceae) in south america: first taxonomic and toxicological insights from argentinean coastal waters,40864062,"['aguiar juarez d, sunesen i, flores-lenero a, norambuena l, krock b, fuenzalida g, mardones ji.']",2025,10.3390/toxins17080386,TypeEnum.ARTICLE
plasma leap2 concentration is associated with attention and cognitive responses to low-calorie food cues in men depending on body weight status,40759193,"['andreoli mf, francesco pn, titova oe, perello m, schioth hb.']",2025,10.1016/j.physbeh.2025.115049,TypeEnum.ARTICLE
evidence of wild boars as a reservoir of zoonotic hepatitis e virus genotype 3: implications for public health in argentina,41754457,"['williman mm, colina se, di cola g, ozaeta ds, carpinetti bn, pisano mb, re ve, serena ms, echeverria mg, metz ge.']",2026,10.3390/pathogens15020205,TypeEnum.ARTICLE
"dietary modulation of intestinal integrity and functionality in weaned piglets using short-chain fructooligosaccharides, essential oils and sodium humate",41858543,"['decundo jm, mozo j, perez gaudio ds, martinez g, dieguez sn, bianchi cp, eguia vr, mate ml, liron jp, amanto fa, soraci al.']",2026,10.3389/fvets.2026.1771820,TypeEnum.ARTICLE
measuring the quality of species list governance,41907827,"['garnett st, banki o, barik sk, berryman aj, bouchard p, buckeridge j, christidis l, cigliano mm, conix s, crawford-weaver h, van dijk pp, evenhuis nl, hilton-taylor c, hobern d, johnston c, klopper rr, kroh a, le roux m, pape t, pyle rl, raz l, thomas p, thomson s, vandepitte l, wambiji n, zachos fe, lien am.']",2026,10.1093/biosci/biaf071,TypeEnum.ARTICLE
editorial: emerging applications of targeted and non-targeted metabolomics to physiology and pathophysiology,41000104,"['dowling gm, aliani m.']",2025,10.3389/fphys.2025.1686757,TypeEnum.ARTICLE
agrp neuron activity enhances reward-related consummatory behaviors during energy deficit in mice,40760098,"['cassano da, barrile f, reynaldo m, fernandez g, cornejo mp, tolosa mj, heredia mf, ferreira n, fideles hj, francesco pn, schioth hb, rorato r, perello m.']",2025,10.1038/s42003-025-08620-9,TypeEnum.ARTICLE
revisiting hydrogen sorption-desorption in natural rocks,41727732,"['masoudi m, meyra ag, nooraiepour m, mousavi nezhad m, hassanpouryouzband a, hellevang h.']",2026,10.1021/acs.iecr.5c02081,TypeEnum.ARTICLE
"ceratium rhomvoides hickel (dinophyceae): morphology, taxonomic implications, and expanded distribution",41205478,"['erasmus d, boltovskoy a, van vuuren sj, levanets a.']",2025,10.1016/j.protis.2025.126133,TypeEnum.ARTICLE
human milk cortisol is inversely associated with infant bmi and mediates the association between maternal plasma and infant salivary cortisol concentrations,40450153,"['kruger al, malpeli a, sala m, casado c, mendez i, fotia l, tournier a, fasano mv, andreoli mf.']",2025,10.1038/s41366-025-01815-4,TypeEnum.ARTICLE
functional trait network analysis in birds,41290853,"['mendoza rs, carril j, tambussi cp.']",2025,10.1038/s41598-025-25821-8,TypeEnum.ARTICLE
a refined dose metric for nanotoxicology based on surface site reactivity for oxidative potential of engineered nanomaterials,40170906,"['alcolea-rodriguez v, simeone fc, dumit vi, faccani l, toledo v, haase a, coca-lopez n, portela r, banares ma.']",2025,10.1039/d5na00104h,TypeEnum.ARTICLE
integrated in vitro and in silico profiling of piperazinyl thiosemicarbazone derivatives against trypanosoma cruzi: stage-specific activity and enzyme inhibition,41599779,"['baldoni ha, sbaraglini ml, balcazar de, arias dg, guerrero sa, alba soto cd, cieslik w, rogalska m, polanski j, enriz rd, jampilek j, musiol r.']",2026,10.3390/ph19010182,TypeEnum.ARTICLE
impact of african swine fever emergency on the mental health of first responders in the dominican republic,41632742,"['schambow ra, perez ad, santiago rer, alarcon lv, pradhananga ak, perez am.']",2026,10.1371/journal.pone.0342159,TypeEnum.ARTICLE
influence of pesu/pvp based nanofibrous separators on the properties of lnmo cathode based li-ion batteries,41853201,"['kazda t, sedlarikova m, pleha d, tichy j, vyroubal p, maca j, cudek p, capkova d, visintin a.']",2026,10.1039/d5ra09254j,TypeEnum.ARTICLE
inter-stock congruence of long-term changes in macroparasite communities of a small pelagic fish ?an effect of climate change?,41870629,"['marcotegui p, merlo m, gutierrez mp, canel d, buratti c, parietti m, juan t.']",2026,10.1007/s00436-026-08653-x,TypeEnum.ARTICLE
establishing centers of excellence for axial spondyloarthritis in latin america: consensus recommendations from the real-panlar group,41241391,"['garcia-salinas r, baraliakos x, sommerfleck f, soriano er, ribeiro al, avellanal v, badilla j, cachafeiro a, colman n, garro b, vodnizza si, londono j, palleiro d, pacheco-tena c, rios c, then j, ugarte-gil mf, caballero cv, beltran pa, arias-tache rp, cuadros jab, santos-moreno p.']",2026,10.3899/jrheum.2025-0845,TypeEnum.ARTICLE
"four chromosome-scale ampullariid genomes: high-quality resources for ecological, evolutionary, and invasion biology studies",40344091,"['xiong j, gao y, zhou y, ip jc, ituarte s, heras h, qiu jw, sun j.']",2025,10.1093/dnares/dsaf010,TypeEnum.ARTICLE
xylem sap mycobiota in grapevine naturally infected with xylella fastidiosa: a case study: interaction of xylella fastidiosa with sclerotinia sclerotiorum,40647985,"['perello a, romero-munar a, martinez si, busquets a, canellas m, quetglas bm, bosch r, vadell j, cabot c, gomila m.']",2025,10.3390/plants14131976,TypeEnum.ARTICLE
foodborne lactic acid bacteria inactivate planktonic and sessile escherichia coli o157:h7 in a meat processing environment: a physiological and proteomic study,41227642,"['cisneros l, baillo aa, ploper d, valacco mp, moreno s, yantorno o, fusco v, fadda s.']",2025,10.3390/foods14213670,TypeEnum.ARTICLE
"clinical characteristics and severity of rhinovirus/enterovirus-associated hospitalizations: a multicountry analysis from the global influenza hospital surveillance network, 2017-2024",41929668,"['revilla am, raboni sm, giamberardino hig, andrew mk, badar n, baillie v, baumeister e, burtseva e, dbaibo g, dia n, draganescu ac, koul pa, simon v, sordillo e, van bakel h, sominina a, zhang t, lopez-labrador fx, mira-iglesias a, orrico-sanchez a, huang qs, bresee j, ortiz jr, nunes mc, chaves ss.']",2026,10.1093/ofid/ofag146,TypeEnum.ARTICLE
new insights into the effects of serotonin on parkinson's disease and depression through its role in the gastrointestinal tract,38992345,"['sancho-alonso m, sarries-serrano u, miquel-rio l, yanes castilla c, paz v, meana jj, perello m, bortolozzi a.']",2025,10.1016/j.sjpmh.2024.07.002,TypeEnum.ARTICLE
uct scanning effects on adna and a multi-step workflow for archaeological petrous portions,41973767,"['menendez lp, luisi p, lopez-sosa mc, da silva sm, buck lt, kuzminsky sc, sanchez mq, le maitre a, chappard c, rios c, groh h, siles w, hernandez gm, becerra-valdivia l, arguelles jm, yanez b, fuente castro c, tamburrini c, garcia-deister v, contreras-sieck ma, pasqualini s, novellino p, acosta morano c, guevara d, mansegosa d, chiavazza h, giannotti s, tissera l, pastor s, diaz i, grimoldi ms, silva-pinto v, solari a, pessis am, barberena r, rascovan n.']",2026,10.1371/journal.pone.0334682,TypeEnum.ARTICLE
the potential of melatonin in the mitigation of adverse effects of salt stress in basil (ocimum basilicum l.) plants,41168750,"['gonzalez forte lds, garita sa, bernardo vf, ruscitti mf, arango mc, vina sz.']",2025,10.1186/s12870-025-07566-8,TypeEnum.ARTICLE
"development of hybrid nanoparticles based on zr(iv) and perylene-3,4,9,10-tetracarboxylic acid with visible-light photoredox activity",41635498,"['cacciari rd, gonik e, beltran am, mizrahi md, ezquerra riega sd, rodriguez hb, gonzalez mc.']",2026,10.1039/d5ra09148a,TypeEnum.ARTICLE
"advances in fruit and vegetable quality, bioactive compounds, and nutritional value: 2nd edition",40807601,"['gomez-zavaglia a, cassani l.']",2025,10.3390/foods14152665,TypeEnum.ARTICLE
revealing structural brain-cognition relationships in children: a comparison of morphometric similarity and inverse divergence networks,41501562,"['han s, jia h, vilaseca g, vilaro n, duan f, sun z, caiafa cf, sole-casals j.']",2026,10.1007/s12021-025-09764-z,TypeEnum.ARTICLE
il-1b priming triggers an adaptive stress response that enhances pancreatic b-cell resilience to subsequent cytotoxic inflammatory insult,41120257,"['setula c, pensado-evans i, scelza-figueredo a, orellano ms, rodriguez-valero i, spinedi e, mirmira rg, andreone l, perone mj.']",2025,10.1038/s41419-025-08059-0,TypeEnum.ARTICLE
hereditary angioedema diagnosis evaluation score (hades): a new clinical scoring system for predicting hereditary angioedema with c1 inhibitor deficiency,39991622,"['zwiener r, zamora r, galmarini cm, brion l, arias l, pino a, rozenfeld p.']",2025,10.1016/j.jacig.2025.100414,TypeEnum.ARTICLE
measuring the quality of species list contents,41907830,"['pape t, pyle rl, banki o, barik sk, berryman aj, bouchard p, buckeridge j, christidis l, cigliano mm, conix s, crawford-weaver h, van dijk pp, doring m, evenhuis n, hilton-taylor c, hobern d, johnston c, klopper rr, kroh a, le roux m, lien am, raz l, thomson s, vandepitte l, zachos fe, garnett st.']",2026,10.1093/biosci/biaf191,TypeEnum.ARTICLE
mortality of metallo-b-lactamase-producing enterobacterales bacteremias with combined ceftazidime-avibactam plus aztreonam vs. other active antibiotics: a multicenter target trial emulation,40688569,"['huespe ia, huaier arriazu ef, sanchez m, stanek v, pollan ja, bauque s, avila poletti d, monzon v, novelli poisson p, boutet mv, cunto e, chediack v, beloso mt, rucci v, lagostena m, cabrera r, gutierrez mj, gomez mg, arias sg, taffarel c, ivulich d, garzon mi, cornistein w, gira a, kriger sg, duarte l, estenssoro e, mirofsky m, castro mg, vaena m; study group collaborator.']",2025,10.1016/j.lana.2025.101175,TypeEnum.ARTICLE
"a new species of echinodorus (alismatales, alismataceae) from the chaco region with a waterlily soul",41551345,"['calvino pa, lehtonen s, waldbillig m, acuna t, alonso f.']",2026,10.3897/phytokeys.269.170618,TypeEnum.ARTICLE
protein tandem repeats that produce frameshifts can generate new structural states and functions,40988544,"['osmanli z, aldrian g, leclercq j, falgarone t, gomez bergna sm, prada gori dn, oleinikov av, shahmuradov i, kajava av.']",2026,10.1111/febs.70273,TypeEnum.ARTICLE
"the urban triatoma infestans challenge: integrative insights for vector control and chagas prevention policies in san juan, argentina",41491707,"['sanchez-casaccia p, nattero j, piccinali rv, gomez a, ibanez-shimabukuro m, sanmartino m, ceccarelli s, salva l, cano-suarez f, meli s, diaz-nieto lm, provecho y, fernandez mdp, carbajal-de-la-fuente al.']",2026,10.1186/s13071-025-07163-6,TypeEnum.ARTICLE
nutritional myopathy associated with selenium and copper deficiency in beef cattle in argentina,41331964,"['castro dj, margineda ca, mattioli ga, poppenga r, uzal fa.']",2026,10.1177/10406387251392592,TypeEnum.ARTICLE
application of data-centric supervised machine learning to predict phenotypic activity against clinically relevant stages of trypanosoma cruzi,41471029,"['perez-mauad n, alberca ln, schoijet ac, vilchez larrea sc, barrionuevo em, muraca g, sulsen v, alba-soto cd, alonso gd, talevi a.']",2025,10.3390/pharmaceutics17121513,TypeEnum.ARTICLE
coevolution in human small heat shock protein 1 is promoted by interactions between the alpha-crystallin domain and the disordered regions,40323908,"['racigh v, rodriguez sawicki l, bravo fne, fornasari ms.']",2025,10.1371/journal.pone.0321163,TypeEnum.ARTICLE
"integrated ocean governance is needed in the southwest atlantic ocean to foster fisheries, conservation and resilience to climate change",41924168,"['palacios-abrantes j, llompart f, cardoso lg, defeo o, gianelli i, jaureguizar aj, lopes pfm, perez jaa, piccolo nip, piola ar, polejack a, prado lf, saraceno m.']",2026,10.1007/s44289-026-00134-4,TypeEnum.ARTICLE
[some psycho-social consequences of compulsory isolation and preventive distancing measures implemented during the covid-19 pandemic in women with prolonged hospitalisation in an argentinean neuropsychiatric hospital],41528086,"['battista jl, hartfiel m, osella n, percovich nm.']",2026,10.53680/vertex.v36i170.942,TypeEnum.ARTICLE
"[acute respiratory distress syndrome: a clinical and conceptual journey towards a global, valid, and fair definition]",41961611,"['estenssoro e, steinberg e, plotnikow ga.']",2026,,TypeEnum.ARTICLE
innate immune system signaling and intestinal dendritic cells migration to the brain underlie behavioral changes after microbial colonization in adult mice,40068794,"['philip v, kraimi n, zhang h, lu j, palma g, shimbori c, mccoy kd, hapfelmeier s, scharen op, macpherson aj, chirdo f, surette mg, verdu ef, liu f, collins sm, bercik p.']",2025,10.1016/j.bbi.2025.03.012,TypeEnum.ARTICLE
investigating genetic differentiation between brackish and fresh water collections of the arboviral vector aedes aegypti,41593790,"['balcazar d, adams e, surendran sn, ramasamy r, powell jr, gloria-soria a.']",2026,10.1186/s13071-025-07239-3,TypeEnum.ARTICLE
entomophagy in latin america and its potential for sustainability and food security,41929772,"['torres-acosta ri, ruiz-de-la-cruz g, sinagawa-garcia sr, hernandez-trejo a, hurtado-noriega c, gorrin-armas g, mendoza-alatorre m, pico-poma jp, juarez-aragon mc, espinoza-sanchez ea, gasca-alvarez hj, julian-chavez b, sarabia-guevara da, torres-castillo ja, benitez-martinez e, garcia-garcia ld.']",2026,10.3389/fnut.2026.1777578,TypeEnum.ARTICLE
determining the ensemble n-representability of reduced density matrices,41453205,"['ona ob, massaccesi ge, capuzzi p, lain l, torre a, peralta je, alcoba dr, scuseria ge.']",2026,10.1021/acs.jctc.5c01788,TypeEnum.ARTICLE
effective community mobilization: evidence from mali,40453692,"['alzua ml, cardenas jc, djebbari h.']",2025,10.1016/j.worlddev.2025.106956,TypeEnum.ARTICLE
bridging computational power and environmental challenges: a perspective on neural network predictive models for environmental engineering,41561187,"['facuy j, arcos-jacome d.']",2026,10.3389/frai.2025.1708369,TypeEnum.ARTICLE
neuroanatomical convergence between pterosaurs and non-avian paravians in the evolution of flight,41308650,"['bronzati m, watanabe a, benson rbj, muller rt, witmer lm, ezcurra md, montefeltro fc, belen von baczko m, bhullar bs, desojo jb, knoll f, langer mc, lautenschlager s, stocker mr, turner ah, werneburg i, nesbitt sj, fabbri m.']",2025,10.1016/j.cub.2025.10.086,TypeEnum.ARTICLE
in vitro and in vivo studies on the activity and selectivity of butoconazole in experimental infection by trypanosoma cruzi,41538518,"['leite gr, batista ddgj, batista mm, da costa kn, loughlin tm, barrionuevo em, talevi a, aberca ln, moreira oc, faier-pereira a, ferreira bids, soeiro mnc.']",2025,10.1590/0074-02760240234,TypeEnum.ARTICLE
deep learning with satellite images enables high-resolution income estimation: a case study of buenos aires,41544087,"['abbate nf, gasparini l, ronchetti f, quiroga fm.']",2026,10.1371/journal.pone.0338110,TypeEnum.ARTICLE
the expanding h5n1 avian influenza panzootic causes high mortality of skuas in antarctica,41535476,"['iervolino m, gunther a, begeman l, aguado b, bestebroer tm, bellido-martin b, coerper a, fornillo mv, fusaro b, ibanez ae, leijten l, lisovski s, manez mb, reade a, van run p, soto f, wallis b, dewar m, alcami a, beer m, vanstreels ret, kuiken t.']",2026,10.1038/s41598-025-34736-3,TypeEnum.ARTICLE
cultivation-based detection of a novel high-gc nitrospira derived from the argentinian copahue volcano area,41933473,"['spieck e, koch h, kop lfm, keuter s, malinowski m, sass k, sand w, donati e, garcia pp, lucker s, giaveno a.']",2026,10.1111/1462-2920.70290,TypeEnum.ARTICLE
advancing trypanosoma cruzi n-myristoyltransferase as a drug target for chagas disease through in silico discovery and biochemical evaluation,41567861,"['gonzalez garcia d, torres a, talevi a, alberca ln, beltran ma, lara f, da silva ferreira m, farani psg, almeida ic, maldonado ra.']",2026,10.3389/fmolb.2025.1666768,TypeEnum.ARTICLE
are freshwater turtles macro-epibionts indicators of water quality of the streams where the turtles live?,40990720,"['sanchez rm, alcalde l.']",2025,10.1590/0001-3765202520231262,TypeEnum.ARTICLE
is the matrix completion of reduced density matrices unique?,41824894,"['massaccesi ge, ona ob, lain l, torre a, peralta je, alcoba dr, scuseria ge.']",2026,10.1021/acs.jpclett.6c00296,TypeEnum.ARTICLE
primary shelf-life assessment of fresh vegan spinach potato-based pasta (gnocchi) using an accelerated test approach,41897734,"['zardetto s, arp cg, pasini g.']",2026,10.3390/foods15061012,TypeEnum.ARTICLE
information theory quantifiers in cryptocurrency time series analysis,40282685,"['suriano m, caram lf, caiafa c, merlino hd, rosso oa.']",2025,10.3390/e27040450,TypeEnum.ARTICLE
are we adequately testing essential oils as insecticides in the laboratory? bridging the gap between laboratory bioassays and field applications,41515029,"['lucia a, guzman e, toloza ac.']",2025,10.3390/plants15010084,TypeEnum.ARTICLE
liraglutide induces enhanced suppression of food intake in mice lacking the growth hormone secretagogue receptor,40738311,"['cassano da, aguggia j, giovanini l, heredia f, francesco pn, andreoli mf, schoth hb, habib am, fernandez g, perello m.']",2025,10.1016/j.mce.2025.112627,TypeEnum.ARTICLE
education and training in microsurgery: a current global overview,41180649,"['villanueva pj, marco pont f, bozkurt i, baldoncini m, lausada nr, sugiyama t, akelina y, scalia g, roka yb, chaurasia b.']",2025,10.1097/ms9.0000000000003846,TypeEnum.ARTICLE
a red lentils-based synbiotic cookie exerts neuroprotective effects in a mouse model of alzheimer's disease,40120777,"['bonfili l, grasselli fm, cuccioloni m, cecarini v, lufrano d, vittadini e, galosi l, sonsini g, ubaldi m, turck jl, medina lfdc, suchodolski j, eleuteri am.']",2025,10.1016/j.jnutbio.2025.109904,TypeEnum.ARTICLE
genetic diversity of bola-drb3 in latin american creole cattle: an update of the state of the art,41020966,"['marcuzzi o, giovambattista g, loza vega a, pereira rico ja, ortega masague mf, castro rojas la, martinez r, reinosa ou, bao a, watanuki s, fukushi n, nagata f, matsuura r, aida y.']",2025,10.1007/s00251-025-01384-w,TypeEnum.ARTICLE
a framework for identifying and prioritizing snps in genes of the hypothalamic- pituitary-gonadal axis in guzerat cattle using amplicon-based ngs,41152765,"['marcuzzi o, calcaterra f, olivera lh, arizmendi a, henry mrjm, cardoso dc, echeverri aml, liron jp, fernandez me, andrade oliveira da, giovambattista g.']",2025,10.1186/s12863-025-01365-8,TypeEnum.ARTICLE
"editorial: skateboarding and society: intersections, influences, and implications",40677624,"['geckle b, fang k, saravi jr.']",2025,10.3389/fspor.2025.1649479,TypeEnum.ARTICLE
efficacy of d-mannose as prophylaxis of recurrent urinary tract infection: a systematic review and meta-analysis of randomized controlled trials,41004704,"['vargas cef, mutarelli a, menegardo lg, silva akbd, vieira prb, luz jd, felix n, pinto lcs.']",2025,10.1590/2175-8239-jbn-2025-0169en,TypeEnum.ARTICLE
[analysis of sugary kefir samples for the development of a regulatory framework in the argentinian food code],40133130,"['teijeiro m, abraham ag, cabrera j, suchowlanski ga, losada a, ruarte s, lopez m, vinderola g.']",2025,10.1016/j.ram.2025.02.002,TypeEnum.ARTICLE
spondyloarthritis in latin america: a difficult-to-diagnose challenge,41884008,"['rueda cardenas i, rodriguez-salas gj, santos am, santos-moreno p, bautista-molano w, pacheco-tena c, casasola-vargas jc, sommerfleck f, garcia-salinas r, navarro-compan v, londono j.']",2026,10.1177/1759720x261417930,TypeEnum.ARTICLE
eight millennia of continuity of a previously unknown lineage in argentina,41193808,"[""maravall-lopez j, motti jmb, pastor n, tavella mp, fabra m, babot p, bonomo m, cornero se, lamenza gn, leon dc, miranda zela pc, politis gg, angeletti sc, cattaneo gr, dantas m, drube h, gonzalez baroni lg, hocsman s, izeta ad, moralejo ra, aldazabal v, basso dm, bayon c, couso mg, d'andrea u, rio p, figueroa gg, frontini r, gonzalez me, laguens ag, martinez jg, messineo pg, nores b, olivera de, sario gm, sbattella a, scabuzzo c, tavarone am, vecchi r, callan k, caughran e, estrada o, frost t, iliev l, kearns a, kellogg j, krettek kl, lawson am, mah m, manjila n, micco a, patterson i, qiu l, roca-rada x, soos g, webb pa, workman jn, rohland n, patterson n, lazaridis i, fehren-schmitz l, posth c, llamas b, mallick s, demarchi da, cabana gs, reich d, nores r.""]",2026,10.1038/s41586-025-09731-3,TypeEnum.ARTICLE
holding a wing horizontal: roles for muscles of the pectoral girdle other than the main two flight muscles,40999313,"['deeming dc, mosto mc.']",2026,10.1111/joa.70051,TypeEnum.ARTICLE
a comprehensive evaluation of the transition to a biosimilar of adalimumab in rheumatoid arthritis and psoriatic arthritis: a single-center experience with a focus on imaging outcomes,40341235,"['garcia-salinas r, magri s, ruta a, ruta s.']",2025,10.4081/reumatismo.2025.1748,TypeEnum.ARTICLE
delphi method validation of a tool for planning home visits in palliative care: palliative care parametrisation tool,41777415,"['cherro a, fernandez a, gonzalez h, fasano mv, morando l.']",2026,10.3332/ecancer.2026.2056,TypeEnum.ARTICLE
psychopathy in adult male offenders from latin america: an item response theory analysis of the self-report psychopathy-short form (srp-sf),41567473,"['trajtenberg n, ribera os, leon-mayer e, menese p, neumann cs.']",2026,10.3389/fpsyg.2025.1684621,TypeEnum.ARTICLE
congenital tuberculosis in a stillborn calf,41599098,"['alvarado pinedo mf, di paolo a, zumarraga m, illanes f, moyano d, peralta lm, traveria g.']",2026,10.3390/pathogens15010114,TypeEnum.ARTICLE
voriconazole-loaded nanohydrogels towards optimized antifungal therapy for cystic fibrosis patients,40574038,"['cemal sd, ladetto mf, alava kh, kazimirsky g, cucher m, glisoni rj, cuestas ml, byk g.']",2025,10.3390/pharmaceutics17060725,TypeEnum.ARTICLE
effect of ozone application on bovine carcasses in abattoir cold chambers,40315260,"['brusa v, restovich v, cap m, chiapparoli v, grigioni g, giannuzzi l, vaudagna s, leotta g.']",2025,10.1371/journal.pone.0321146,TypeEnum.ARTICLE
multiscale intracranial eeg dynamics across sleep-wake states: toward memory-related processing,41210195,"['tenti jm, pallares di nunzio m, bab ma, rosso oa, montani f, arlego mjf.']",2025,10.3389/fncom.2025.1618191,TypeEnum.ARTICLE
in vitro and in vivo effects of a copper(ii)-hydrazone complex against human osteosarcoma,41900858,"['santa maria parra l, assandri mh, solerno lm, serradell mla, alonso df, garona j, balsa lm, leon ie.']",2026,10.3390/pharmaceutics18030372,TypeEnum.ARTICLE
how could the translation of nanotechnology-based therapies revolutionize cutaneous leishmaniasis treatments?,40138202,"['di meglio m, maza vega d, montanari j.']",2025,10.1080/17435889.2025.2485024,TypeEnum.ARTICLE
accuracy of the mid-upper arm circumference in screening for overweight and obesity in argentinian children and adolescents,41805162,"['orden ab, fasano mv.']",2026,10.1080/03014460.2026.2639353,TypeEnum.ARTICLE
a new hemoglobin cutoff value proposed by the world health organization: its impact on the prevalence of anemia in children under 2 years of age,40626788,"['varea a, disalvo l, sala m, matamoros n, fasano mv, gonzalez hf.']",2026,10.5546/aap.2025-10670.eng,TypeEnum.ARTICLE
the transmission of viral diseases in wild boar using rutherford's atomic model,41318216,"['metz ge, echeverria mg.']",2025,10.1016/j.ram.2025.11.001,TypeEnum.ARTICLE
native and freeze-dried bacterial nanocellulose as fat replacers in low-fat meat emulsions: a comparative study of techno-functional performance,41897719,"['balquinta ml, nagai nf, golzi me, pino ibanez na, marchetti l, andres sc, lorenzo g, dominguez-valencia r.']",2026,10.3390/foods15060998,TypeEnum.ARTICLE
thermal bcs-bec crossovers in finite systems,41294959,"['plastino a, pennini f, apel v.']",2025,10.3390/e27111116,TypeEnum.ARTICLE
"expanding the critical care collaboration between australia, new zealand, and brazil: the role of journals",40584460,"['bellomo r, salluh j, nassar ap jr, estenssoro e, serpa neto a.']",2025,10.1016/j.ccrj.2025.100114,TypeEnum.ARTICLE
editorial: sustainable synthesis for obtaining elements of natural origin with antimicrobial properties,40765703,"['vega-baudrit j, corvis y, vazquez p, arreche ra.']",2025,10.3389/fchem.2025.1664305,TypeEnum.ARTICLE
liver-expressed antimicrobial peptide 2 (leap2),40210572,"['andreoli mf, francesco pn, perello m.']",2025,10.1016/j.tem.2025.03.005,TypeEnum.ARTICLE
assessing the influence of blubber stratification on the estimation of diet in phocid seals using the mixsiar model,40604079,"['carrasco-cardenas a, barrios-guzman c, negrete j, rogers tl, guerrero ai.']",2025,10.1038/s41598-025-07004-7,TypeEnum.ARTICLE
"multi-proxy analysis of el olivar camelids (1,090-1,440 cal ad): evaluating the presence of llamas (lama glama, linnaeus 1758) in the semiarid north of chile before the arrival of the inca",40434999,"['lopez mendoza p, gonzalez p, westbury mv, saghessi d, gonzalez venanzi l, gonzalez ba, marin jc, rivera b, valenzuela m.']",2025,10.1371/journal.pone.0323497,TypeEnum.ARTICLE
enzyme-inspired single-atom photocatalysis for oxygen reduction to hydrogen peroxide,41354741,"['zdrazil l, cadranel a, zoppellaro g, gunay-gurer a, badura z, panacek d, kmentova h, otero c, kment s, huergo ma, fonda e, zboril r, guldi dm.']",2025,10.1038/s41467-025-67189-3,TypeEnum.ARTICLE
evaluation of antifungal and antimycotoxigenic activity of selected natural antioxidants against fusarium culmorum: in vitro and in planta assays,41696792,"['oufensou s, fabbri d, dettori ma, carta p, azara e, ugone v, balmas v, malbran i, migheli q.']",2026,10.1002/jsfa.70530,TypeEnum.ARTICLE
justice enablers of climate-health adaptation in south america,41647373,"['rekers r, gerbaldo mv, yabar c, rodriguez garat c, rekers l.']",2025,10.1016/j.joclim.2025.100459,TypeEnum.ARTICLE
age and liver transplantation: a key factor in clinical outcomes? single center study in argentina,41458078,"['santillan pazmino m, arriola benitez pc, fernandez mf, yantorno s, descalzi v, tarditti fd, novellis ml, fasolo jc, rumbo m, tullius sg, barros schelotto p, gondolesi ge, gentilini mv.']",2025,10.3389/fragi.2025.1729048,TypeEnum.ARTICLE
"tissue- and condition-specific biosynthesis of ascorbic acid in glycine max l.: insights from genome-wide analyses of pathway-encoding genes, expression profiling, and mass fraction determination",40429824,"['aziz s, germano ta, sousa do nascimento mads, dos santos cp, arnholdt-schmitt b, miranda mra, gomes mma, mazorra morales lm, ayub ra, oliveira jg, costa jh.']",2025,10.3390/ijms26104678,TypeEnum.ARTICLE
"extinct megafauna dominated human subsistence in southern south america before 11,600 years ago",41032598,"['prates l, medina me, perez si.']",2025,10.1126/sciadv.adx2615,TypeEnum.ARTICLE
changes in lifestyle behaviors during covid-19 isolation in argentina: a cross-sectional study,36221976,"['flores le, elgart jf, abraham ag, garrote gl, torrieri r, cepeda a, cardelle-cobas a, gagliardino jj.']",2026,10.1177/02601060221127115,TypeEnum.ARTICLE
where should i publish my scientific article? insights from the editors of critical care science and critical care resuscitation,40767691,"['salluh jif, soares phr, estenssoro e, serpa neto a, bellomo r, nassar ap jr.']",2025,10.62675/2965-2774.20250188,TypeEnum.ARTICLE
genetic diversity of bola-drb3 and its association with anaplasma marginale and babesia spp. infections in creole cattle of northeastern colombia,41242792,"['jaimes-duenez j, marin-cossio l, gongora-orjuela a, murcia-cueto i, jimenez-leano a, marcuzzi o, giovambattista g.']",2025,10.1016/j.vprsr.2025.101355,TypeEnum.ARTICLE
ripk1 in diffuse glioma pathology: from prognosis marker to potential therapeutic target,40565018,"['amoros morales lc, gomez bergna sm, marchesini a, scalise ml, gonzalez n, ferrelli ml, candolfi m, romanowski v, pidre ml.']",2025,10.3390/ijms26125555,TypeEnum.ARTICLE
profound impact of local climatic conditions on ige sensitization profiles: evidence from argentine cities,41465529,"['sarzsinszky e, smaldini p, chinigo m, ardanaz m, benitez p, ramos a, braviz lopez me, ramon g, ramon g, schlederer t, tulaev m, valenta r, huang hj, vrtala s, docena g, the allergochip working group.']",2025,10.3390/ijms262412101,TypeEnum.ARTICLE
"morphological data and molecular characterization of lagostonema ecasiense (nematoda, molineidae) parasite of lagostomus maximus (rodentia, chinchillidae) from argentina and other considerations",40653777,"['canova v, digiani mc, fernandez rc, balcazar d, guerreiro martins nb, abba am, rosario robles mdr.']",2025,10.1017/s0031182025100528,TypeEnum.ARTICLE
cullin 3 substrate-adaptor protein 1 (mtcsp1) modulates nodulation through interaction with the gtpase arfa1,41760845,"['ripodas c, cretton m, eylenstein a, rivero c, zanetti me, blanco f.']",2026,10.1038/s41598-026-41112-2,TypeEnum.ARTICLE
fe incorporation in ni-based layered hydroxides: implications for oxygen evolution electrocatalysis,41271613,"['jaramillo-hernandez c, seijas-da silva a, vert vb, mizrahi m, leyva-perez a, abellan g.']",2025,10.1021/acs.inorgchem.5c02786,TypeEnum.ARTICLE
effect of informational videos on vaccine perceptions among unvaccinated individuals: a randomised educational intervention,41211580,"['martinez sk, sonderegger s, brownback a, cruces g, pompeo m, morling j.']",2025,10.1136/bmjph-2024-001644,TypeEnum.ARTICLE
new record of eupteryx decemnotata (hemiptera: cicadellidae) in argentina. biological traits and description of the female and its immature stages,41124495,"['pereyra m, paradell sl, luft-albarracin e.']",2025,10.1590/0001-3765202520250270,TypeEnum.ARTICLE
host-guest chemistry as a supramolecular engine for iontronic transduction in nanochannels,41752489,"['hernandez parra lm, huamani al, matelo it, cortez ml, rafti m, laucirica g, marmisolle w, azzaroni o.']",2026,10.3390/molecules31040713,TypeEnum.ARTICLE
occurrence of pregnancy losses within the same lactation in grazing dairy cows,40354932,"['corva sg, dominguez ga, sanchez j, sota rl.']",2025,10.3168/jds.2024-24924,TypeEnum.ARTICLE
first unambiguous evidence of multituberculata from the late cretaceous of south america,41286014,"['gelfo jn, goin fj, vega na.']",2025,10.1038/s41598-025-25255-2,TypeEnum.ARTICLE
evaluation of theobroma cacao l. as a bioindicator for cadmium contamination through h(2)o(2) electrochemical analysis,40695947,"['fernandez l, espinoza-montero pj, gallegos-lovato mj, bustamante p, bolanos-mendez d, sampedro jd, rodriguez a, ortega-gallegos a, jadan m.']",2025,10.1038/s41598-025-11715-2,TypeEnum.ARTICLE
tiny-t: a small-scale demonstration tank for real-time wave energy control,41550279,"['fornaro p, ramello j, mosquera fd, giorgi g, ringwood jv.']",2025,10.1016/j.ohx.2025.e00733,TypeEnum.ARTICLE
a principal component entropy metric for assessing global synchronicity in eeg signals,41775735,"['diambra l, hutber a, drakeford-hafeez z, mi r, tsirka v, capurro a.']",2026,10.1038/s41598-026-36434-0,TypeEnum.ARTICLE
growth performance and nutrient digestibility of beef heifers fed sorghum silage processed at harvest and stored for less than five months or over one year,41938794,"['abdelhadi lo, mattioli ga, owens fn, dilorenzo n.']",2026,10.1093/tas/txag028,TypeEnum.ARTICLE
role of tad pili during the transition from planktonic to biofilm state in bradyrhizobium diazoefficiens usda 110,41524487,"['iglesias j, colla d, serrangeli js, lozano mj, falduti o, brignoli d, medici i, althabegoiti mj, lodeiro ar, abdian pl, paczia n, becker a, soler-bistue a, perez-gimenez j, mongiardini ej.']",2026,10.1128/jb.00008-25,TypeEnum.ARTICLE
camkii in the heart: from homeostasis to pathology,41667275,"['mattiazzi a, bers dm.']",2026,10.1146/annurev-physiol-043024-114759,TypeEnum.ARTICLE
effect of dystocia duration on the placental health in canines,41752985,"['praderio rg, giuliodori mj, sota rl, stornelli ma.']",2026,10.3390/life16020349,TypeEnum.ARTICLE
neutralizing antibodies in the intestinal mucosa are essential to control gastrointestinal infection by shiga toxin-producing escherichia coli,40893977,"['bernal am, sosa fn, carpintero-polanco ym, cancino cd, fernandez-brando rj, ramos mv, podhozer a, errea a, rumbo m, palermo ms.']",2025,10.1002/mlf2.70026,TypeEnum.ARTICLE
noniterative fermi-lowdin orbitals for self-interaction correction,41719212,"['peralta je, jackson ka, pederson mr, melo ji, alcoba dr, massaccesi ge, lain l, torre a, ona ob.']",2026,10.1021/acs.jpca.6c00022,TypeEnum.ARTICLE
editorial: unraveling information encoding and representation in memory formation and learning,41889599,['montani f.'],2026,10.3389/fncom.2026.1812259,TypeEnum.ARTICLE
"description of two new species of psilochasmus luhe, 1909 (digenea, psilostomidae), with remarks on the diversity of the genus and a key to its species",41079569,"['achatz tj, morton lb, orlofske sa, brant sv, montes mm, bondone f, tkach vv.']",2025,10.3897/zookeys.1254.162728,TypeEnum.ARTICLE
protocol for experimental infections with viruses in mosquitoes using a glass artificial feeder,41032409,"['bonica mb, marti ga, goenaga s, balsalobre a, micieli mv.']",2025,10.1016/j.xpro.2025.104117,TypeEnum.ARTICLE
study of heart rate variability in healthy humans as a function of age: considerations on the contribution of the autonomic nervous system and the role of the sinoatrial node,40852364,"['jorge tase da, garavaglia l, defeo mm, irurzun im.']",2025,10.3389/fmed.2025.1597299,TypeEnum.ARTICLE
"[impact of an integrated and centralized drug policy: the case of the province of buenos aires, argentinaimpacto de uma politica de medicamentos integrada e centralizada: o caso da provincia de buenos aires, argentina]",41868865,"['marin gh, capallo ap, cocco mh, alvarez ji, leone f, pesci sa, konfino j, kreplak n.']",2026,10.26633/rpsp.2026.21,TypeEnum.ARTICLE
correction: global impacts dataset of invasive alien species (gidias),40781096,"[""bacher s, ryan-colton e, coiro m, cassey p, galil bs, nunez ma, ansong m, dehnen-schmutz k, fayvush g, fernandez rd, hiremath aj, ikegami m, martinou af, mcdermott sm, preda c, vila m, weyl olf, aravind na, angelidou i, athanasiou k, atkore v, barney jn, blackburn tm, brockerhoff eg, carbutt c, carisio l, castro-diez p, cespedes v, christopoulou a, cisneros-heredia df, cooling m, groot m, demetriou j, dickey jwe, duboscq-carra vg, early r, evans tg, flores-males pt, gallardo b, gruber m, hui c, jeschke jm, joelson nz, khan ma, kumschick s, lach l, lapin k, lioy s, liu c, macmullen zj, mazzitelli ma, measey j, mrugala-koese aa, musseau cl, nahrung hf, pepori a, pertierra lr, pienaar ef, pysek p, rivas torres g, rojas martinez ha, rojas-sandoval j, ryan-schofield nl, sanchez rm, santini a, santoro d, scalera r, schmidt l, shivambu tc, sohrabi s, tricarico e, trillo a, van't hof p, volery l, zengeya ta.""]",2025,10.1038/s41597-025-05750-x,TypeEnum.ARTICLE
role of unfolded protein response in the apoptosis induced by alphaarterivirus: ire1a as an essential pathway for in vitro replication,41157573,"['colina se, williman mm, serena ms, echeverria mg, metz ge.']",2025,10.3390/v17101301,TypeEnum.ARTICLE
cannabis oil modulates liver alterations and endocannabinoid system changes in a female rat model of diet-induced masld,41883411,"[""degrave v, vega joubert mb, ingaramo p, sedan d, andrinolo d, mac loughlin tm, d'alessandro me, oliva me.""]",2026,10.3389/fnut.2026.1770150,TypeEnum.ARTICLE
revolutionizing small bowel transplantation in mice and rats: a cutting-edge dry-lab simulation model,41354505,"['seeger p, preukschas aa, lucke j, sabihi m, stringa p, lausada n, moreira j, dezillio lev, serradilla j, moreno ama, oliveros fh, bennemann s, machicote a, zazara de, papazoglou ed, mercanoglu b, ghadban t, nentwich mf, nickel f, mann o, hackert t, gentilini mv, oh j, oldani g, chartier-plante s, harriman d, oldhafer kj, huber s, gondolesi ge, giannou ad.']",2025,10.1016/j.cpsurg.2025.101917,TypeEnum.ARTICLE
an undescribed species within the gymnodinium sensu stricto group found responsible for an exceptional bloom in the southern ocean,41014142,"['mascioni m, cusick a, sanchez-puerta mv, johnson c, zheng h, reynolds ra, allen ae, almandoz go.']",2025,10.1111/jpy.70089,TypeEnum.ARTICLE
[translated article] paracoccidioidomycosis: 'tapir mouth',40691938,"['pieretti vm, delgado molina mm, agriello m.']",2025,10.1016/j.ad.2025.07.008,TypeEnum.ARTICLE
co(2)-derived variables are misleading surrogates for tissue perfusion and oxygenation,41788478,"['dubin a, pozo mo.']",2026,10.1016/j.aicoj.2025.100010,TypeEnum.ARTICLE
assessing urban yellow fever transmission risk: aedes aegypti vector competence in argentina,40431729,"['boaglio er, muttis e, feroci m, fabbri c, minardi g, sanchez j, micieli mv, goenaga s.']",2025,10.3390/v17050718,TypeEnum.ARTICLE
nutritional and antioxidant valorization of grape pomace from argentinian vino de la costa and italian cabernet wines,40647138,"['guardianelli lm, salinas mv, puppo mc, hidalgo a, pasini g.']",2025,10.3390/foods14132386,TypeEnum.ARTICLE
"correction: preisegger et al. visualizing oral infection dynamics of beauveria bassiana in the gut of tribolium castaneum. j. fungi 2025, 11, 101",40497457,"['preisegger l, flecha jc, ghilini f, espin-sanchez d, prieto e, oberti h, abreo e, huarte-bonnet c, pedrini n, mannino mc.']",2025,10.3390/jof11060409,TypeEnum.ARTICLE
microbes without borders: uniting societies for climate action,40986398,"['lennon jt, bittleston ls, chen q, cooper vs, fernandez j, gilbert ja, haggblom mm, harper lv, jansson jk, jiao n, kuurstra em, peixoto rs, rappuoli r, schembri ma, ventosa a, vullo dl, zhang c, nguyen nk.']",2025,10.1093/femsec/fiaf084,TypeEnum.ARTICLE
"the current dengue vaccine landscape, with a focus on tak-003 (qdenga(r))",41587229,"['marin gh, alvarez rotondo a.']",2026,10.5546/aap.2025-10990.eng,TypeEnum.ARTICLE
