id_document1,id_document2,rules,similarity
40512168,None,None,NO_DUPLICATE
41324955,None,None,NO_DUPLICATE
40966355,None,None,NO_DUPLICATE
40992081,None,None,NO_DUPLICATE
40636151,None,None,NO_DUPLICATE
40135913,None,None,NO_DUPLICATE
40365078,None,None,NO_DUPLICATE
40377335,None,None,NO_DUPLICATE
40355645,None,None,NO_DUPLICATE
40224007,None,None,NO_DUPLICATE
40443802,None,None,NO_DUPLICATE
40746960,None,None,NO_DUPLICATE
41043736,None,None,NO_DUPLICATE
41452322,None,None,NO_DUPLICATE
40183768,None,None,NO_DUPLICATE
40535935,None,None,NO_DUPLICATE
41247634,None,None,NO_DUPLICATE
40816745,None,None,NO_DUPLICATE
40399318,None,None,NO_DUPLICATE
40276562,None,None,NO_DUPLICATE
40503248,None,None,NO_DUPLICATE
40631384,None,None,NO_DUPLICATE
40963598,None,None,NO_DUPLICATE
40406913,None,None,NO_DUPLICATE
40707112,None,None,NO_DUPLICATE
41004732,None,None,NO_DUPLICATE
41073438,None,None,NO_DUPLICATE
41050418,None,None,NO_DUPLICATE
40456763,None,None,NO_DUPLICATE
41357616,None,None,NO_DUPLICATE
40455307,None,None,NO_DUPLICATE
40759970,None,None,NO_DUPLICATE
40666201,None,None,NO_DUPLICATE
40255989,None,None,NO_DUPLICATE
40855050,None,None,NO_DUPLICATE
40376422,None,None,NO_DUPLICATE
41369642,None,None,NO_DUPLICATE
40159005,None,None,NO_DUPLICATE
40244866,None,None,NO_DUPLICATE
40073589,None,None,NO_DUPLICATE
40458735,None,None,NO_DUPLICATE
41302894,None,None,NO_DUPLICATE
41964543,None,None,NO_DUPLICATE
41111897,None,None,NO_DUPLICATE
40508270,None,None,NO_DUPLICATE
39462818,None,None,NO_DUPLICATE
41920171,None,None,NO_DUPLICATE
40715055,None,None,NO_DUPLICATE
40641062,None,None,NO_DUPLICATE
40595310,None,None,NO_DUPLICATE
41378076,None,None,NO_DUPLICATE
40941103,None,None,NO_DUPLICATE
40447024,None,None,NO_DUPLICATE
40139978,None,None,NO_DUPLICATE
41220021,None,None,NO_DUPLICATE
41172024,None,None,NO_DUPLICATE
41305480,None,None,NO_DUPLICATE
41200243,None,None,NO_DUPLICATE
41826753,None,None,NO_DUPLICATE
41738746,None,None,NO_DUPLICATE
40563901,None,None,NO_DUPLICATE
41464904,None,None,NO_DUPLICATE
40979291,None,None,NO_DUPLICATE
40985999,None,None,NO_DUPLICATE
41648853,None,None,NO_DUPLICATE
40527453,None,None,NO_DUPLICATE
41455796,None,None,NO_DUPLICATE
40872203,None,None,NO_DUPLICATE
41233461,None,None,NO_DUPLICATE
40890621,None,None,NO_DUPLICATE
41883803,None,None,NO_DUPLICATE
41465714,None,None,NO_DUPLICATE
40454050,None,None,NO_DUPLICATE
41401410,None,None,NO_DUPLICATE
40974186,None,None,NO_DUPLICATE
41166770,None,None,NO_DUPLICATE
40281045,None,None,NO_DUPLICATE
41179166,None,None,NO_DUPLICATE
40427771,None,None,NO_DUPLICATE
41066986,None,None,NO_DUPLICATE
40650753,None,None,NO_DUPLICATE
40657284,None,None,NO_DUPLICATE
40426497,None,None,NO_DUPLICATE
41972142,None,None,NO_DUPLICATE
41098413,None,None,NO_DUPLICATE
40909334,None,None,NO_DUPLICATE
40406349, | http://sedici.unlp.edu.ar/handle/10915/71918 | http://sedici.unlp.edu.ar/handle/10915/68340 | http://sedici.unlp.edu.ar/handle/10915/74507 | http://sedici.unlp.edu.ar/handle/10915/72165 | http://sedici.unlp.edu.ar/handle/10915/72316 | http://sedici.unlp.edu.ar/handle/10915/97467 | http://sedici.unlp.edu.ar/handle/10915/97488 | http://sedici.unlp.edu.ar/handle/10915/34050 | http://sedici.unlp.edu.ar/handle/10915/36354 | http://sedici.unlp.edu.ar/handle/10915/42843 | http://sedici.unlp.edu.ar/handle/10915/71845 | http://sedici.unlp.edu.ar/handle/10915/45961 | http://sedici.unlp.edu.ar/handle/10915/78824 | http://sedici.unlp.edu.ar/handle/10915/67743 | http://sedici.unlp.edu.ar/handle/10915/78023 | http://sedici.unlp.edu.ar/handle/10915/81733 | http://sedici.unlp.edu.ar/handle/10915/92250 | http://sedici.unlp.edu.ar/handle/10915/101450 | http://sedici.unlp.edu.ar/handle/10915/32922 | http://sedici.unlp.edu.ar/handle/10915/33647 | http://sedici.unlp.edu.ar/handle/10915/30257 | http://sedici.unlp.edu.ar/handle/10915/32600 | http://sedici.unlp.edu.ar/handle/10915/31527 | http://sedici.unlp.edu.ar/handle/10915/32525 | http://sedici.unlp.edu.ar/handle/10915/32768 | http://sedici.unlp.edu.ar/handle/10915/34077 | http://sedici.unlp.edu.ar/handle/10915/32953 | http://sedici.unlp.edu.ar/handle/10915/34032 | http://sedici.unlp.edu.ar/handle/10915/46417 | http://sedici.unlp.edu.ar/handle/10915/30203|https://doi.org/10.35537/10915/30203 | http://sedici.unlp.edu.ar/handle/10915/33232 | http://sedici.unlp.edu.ar/handle/10915/33854 | http://sedici.unlp.edu.ar/handle/10915/33781 | http://sedici.unlp.edu.ar/handle/10915/34051 | http://sedici.unlp.edu.ar/handle/10915/34088 | http://sedici.unlp.edu.ar/handle/10915/34359 | http://sedici.unlp.edu.ar/handle/10915/35001 | http://sedici.unlp.edu.ar/handle/10915/35232 | http://sedici.unlp.edu.ar/handle/10915/35806 | http://sedici.unlp.edu.ar/handle/10915/35930 | http://sedici.unlp.edu.ar/handle/10915/35704 | http://sedici.unlp.edu.ar/handle/10915/36538 | http://sedici.unlp.edu.ar/handle/10915/36312 | http://sedici.unlp.edu.ar/handle/10915/36483 | http://sedici.unlp.edu.ar/handle/10915/36467 | http://sedici.unlp.edu.ar/handle/10915/35569 | http://sedici.unlp.edu.ar/handle/10915/35850 | http://sedici.unlp.edu.ar/handle/10915/36008 | http://sedici.unlp.edu.ar/handle/10915/34370 | http://sedici.unlp.edu.ar/handle/10915/36660 | http://sedici.unlp.edu.ar/handle/10915/36559 | http://sedici.unlp.edu.ar/handle/10915/36417 | http://sedici.unlp.edu.ar/handle/10915/36616 | http://sedici.unlp.edu.ar/handle/10915/37137 | http://sedici.unlp.edu.ar/handle/10915/34584 | http://sedici.unlp.edu.ar/handle/10915/36166 | http://sedici.unlp.edu.ar/handle/10915/36109 | http://sedici.unlp.edu.ar/handle/10915/34768 | http://sedici.unlp.edu.ar/handle/10915/37505 | http://sedici.unlp.edu.ar/handle/10915/37532 | http://sedici.unlp.edu.ar/handle/10915/37569 | http://sedici.unlp.edu.ar/handle/10915/37619 | http://sedici.unlp.edu.ar/handle/10915/37854 | http://sedici.unlp.edu.ar/handle/10915/37562 | http://sedici.unlp.edu.ar/handle/10915/37514 | http://sedici.unlp.edu.ar/handle/10915/37673 | http://sedici.unlp.edu.ar/handle/10915/59838 | http://sedici.unlp.edu.ar/handle/10915/38065 | http://sedici.unlp.edu.ar/handle/10915/64170 | http://sedici.unlp.edu.ar/handle/10915/41386 | http://sedici.unlp.edu.ar/handle/10915/33014 | http://sedici.unlp.edu.ar/handle/10915/34067 | http://sedici.unlp.edu.ar/handle/10915/42882 | http://sedici.unlp.edu.ar/handle/10915/43426 | http://sedici.unlp.edu.ar/handle/10915/43537 | http://sedici.unlp.edu.ar/handle/10915/42958 | http://sedici.unlp.edu.ar/handle/10915/47156 | http://sedici.unlp.edu.ar/handle/10915/43773 | http://sedici.unlp.edu.ar/handle/10915/46536 | http://sedici.unlp.edu.ar/handle/10915/44989 | http://sedici.unlp.edu.ar/handle/10915/45078 | http://sedici.unlp.edu.ar/handle/10915/46248 | http://sedici.unlp.edu.ar/handle/10915/46784 | http://sedici.unlp.edu.ar/handle/10915/46464 | http://sedici.unlp.edu.ar/handle/10915/47062 | http://sedici.unlp.edu.ar/handle/10915/15335 | http://sedici.unlp.edu.ar/handle/10915/47321 | http://sedici.unlp.edu.ar/handle/10915/47521 | http://sedici.unlp.edu.ar/handle/10915/47634 | http://sedici.unlp.edu.ar/handle/10915/47717 | http://sedici.unlp.edu.ar/handle/10915/48077 | http://sedici.unlp.edu.ar/handle/10915/57293 | http://sedici.unlp.edu.ar/handle/10915/48613 | http://sedici.unlp.edu.ar/handle/10915/48456 | http://sedici.unlp.edu.ar/handle/10915/15396 | http://sedici.unlp.edu.ar/handle/10915/48798 | http://sedici.unlp.edu.ar/handle/10915/48944 | http://sedici.unlp.edu.ar/handle/10915/26901 | http://sedici.unlp.edu.ar/handle/10915/32449 | http://sedici.unlp.edu.ar/handle/10915/35745 | http://sedici.unlp.edu.ar/handle/10915/48983 | http://sedici.unlp.edu.ar/handle/10915/48995 | http://sedici.unlp.edu.ar/handle/10915/15354 | http://sedici.unlp.edu.ar/handle/10915/60254 | http://sedici.unlp.edu.ar/handle/10915/11781 | http://sedici.unlp.edu.ar/handle/10915/13640 | http://sedici.unlp.edu.ar/handle/10915/15384 | http://sedici.unlp.edu.ar/handle/10915/13926 | http://sedici.unlp.edu.ar/handle/10915/15296 | http://sedici.unlp.edu.ar/handle/10915/64540 | http://sedici.unlp.edu.ar/handle/10915/15322 | http://sedici.unlp.edu.ar/handle/10915/15389 | http://sedici.unlp.edu.ar/handle/10915/15395 | http://sedici.unlp.edu.ar/handle/10915/13927 | http://sedici.unlp.edu.ar/handle/10915/15400 | http://sedici.unlp.edu.ar/handle/10915/15338 | http://sedici.unlp.edu.ar/handle/10915/15342 | http://sedici.unlp.edu.ar/handle/10915/15404 | http://sedici.unlp.edu.ar/handle/10915/15346 | http://sedici.unlp.edu.ar/handle/10915/15408 | http://sedici.unlp.edu.ar/handle/10915/15412 | http://sedici.unlp.edu.ar/handle/10915/15416 | http://sedici.unlp.edu.ar/handle/10915/15350 | http://sedici.unlp.edu.ar/handle/10915/15419 | http://sedici.unlp.edu.ar/handle/10915/15357 | http://sedici.unlp.edu.ar/handle/10915/15301 | http://sedici.unlp.edu.ar/handle/10915/15361 | http://sedici.unlp.edu.ar/handle/10915/15365 | http://sedici.unlp.edu.ar/handle/10915/15309 | http://sedici.unlp.edu.ar/handle/10915/15369 | http://sedici.unlp.edu.ar/handle/10915/15373 | http://sedici.unlp.edu.ar/handle/10915/13940 | http://sedici.unlp.edu.ar/handle/10915/15314 | http://sedici.unlp.edu.ar/handle/10915/21913 | http://sedici.unlp.edu.ar/handle/10915/15318 | http://sedici.unlp.edu.ar/handle/10915/15305 | http://sedici.unlp.edu.ar/handle/10915/15326 | http://sedici.unlp.edu.ar/handle/10915/26024 | http://sedici.unlp.edu.ar/handle/10915/15331 | http://sedici.unlp.edu.ar/handle/10915/18489 | http://sedici.unlp.edu.ar/handle/10915/27640 | http://sedici.unlp.edu.ar/handle/10915/54470 | http://sedici.unlp.edu.ar/handle/10915/54453 | http://sedici.unlp.edu.ar/handle/10915/57787 | http://sedici.unlp.edu.ar/handle/10915/57735 | http://sedici.unlp.edu.ar/handle/10915/57900 | http://sedici.unlp.edu.ar/handle/10915/49301 | http://sedici.unlp.edu.ar/handle/10915/54989 | http://sedici.unlp.edu.ar/handle/10915/47233 | http://sedici.unlp.edu.ar/handle/10915/49959 | http://sedici.unlp.edu.ar/handle/10915/45365 | http://sedici.unlp.edu.ar/handle/10915/50128 | http://sedici.unlp.edu.ar/handle/10915/60906 | http://sedici.unlp.edu.ar/handle/10915/57189 | http://sedici.unlp.edu.ar/handle/10915/52545 | http://sedici.unlp.edu.ar/handle/10915/52571 | http://sedici.unlp.edu.ar/handle/10915/44128 | http://sedici.unlp.edu.ar/handle/10915/44129 | http://sedici.unlp.edu.ar/handle/10915/44145 | http://sedici.unlp.edu.ar/handle/10915/44144 | http://sedici.unlp.edu.ar/handle/10915/53171 | http://sedici.unlp.edu.ar/handle/10915/51059 | http://sedici.unlp.edu.ar/handle/10915/51076 | http://sedici.unlp.edu.ar/handle/10915/65889 | http://sedici.unlp.edu.ar/handle/10915/61399 | http://sedici.unlp.edu.ar/handle/10915/59084|https://doi.org/10.35537/10915/59084 | http://sedici.unlp.edu.ar/handle/10915/62491 | http://sedici.unlp.edu.ar/handle/10915/63065 | http://sedici.unlp.edu.ar/handle/10915/66536 | http://sedici.unlp.edu.ar/handle/10915/66597 | http://sedici.unlp.edu.ar/handle/10915/63749 | http://sedici.unlp.edu.ar/handle/10915/32601 | http://sedici.unlp.edu.ar/handle/10915/33050 | http://sedici.unlp.edu.ar/handle/10915/34286 | http://sedici.unlp.edu.ar/handle/10915/122225 | http://sedici.unlp.edu.ar/handle/10915/116102 | http://sedici.unlp.edu.ar/handle/10915/135940 | http://sedici.unlp.edu.ar/handle/10915/137993, GeneralRule = 0.75 |-- GeneralRule = 0.75 | DoiRule =A |-- GeneralRule = 0.75 |-- GeneralRule = 0.75 |-- GeneralRule = 0.75 |-- GeneralRule = 0.75 | DoiRule =A |-- GeneralRule = 0.75 | DoiRule =A |-- GeneralRule = 0.75 | DoiRule =A |-- GeneralRule = 0.75 | DoiRule =A |-- GeneralRule = 0.75 | DoiRule =A |-- GeneralRule = 0.75 | DoiRule =A |-- GeneralRule = 0.75 | DoiRule =A |-- GeneralRule = 0.75 | DoiRule =A |-- GeneralRule = 0.75 |-- GeneralRule = 0.75 |-- GeneralRule = 0.75 | DoiRule =A |-- GeneralRule = 0.75 | DoiRule =A |-- GeneralRule = 0.75 | DoiRule =A |-- GeneralRule = 0.75 | DoiRule =A |-- GeneralRule = 0.75 | DoiRule =A |-- GeneralRule = 0.75 | DoiRule =A |-- GeneralRule = 0.75 | DoiRule =A |-- GeneralRule = 0.75 | DoiRule =A |-- GeneralRule = 0.75 | DoiRule =A |-- GeneralRule = 0.75 | DoiRule =A |-- GeneralRule = 0.75 | DoiRule =A |-- GeneralRule = 0.75 | DoiRule =A |-- GeneralRule = 0.75 | DoiRule =A |-- GeneralRule = 0.75 | DoiRule =A |-- GeneralRule = 0.5 | DoiRule =A |-- GeneralRule = 0.75 | DoiRule =A |-- GeneralRule = 0.75 | DoiRule =A |-- GeneralRule = 0.75 | DoiRule =A |-- GeneralRule = 0.75 | DoiRule =A |-- GeneralRule = 0.75 | DoiRule =A |-- GeneralRule = 0.75 | DoiRule =A |-- GeneralRule = 0.75 | DoiRule =A |-- GeneralRule = 0.75 | DoiRule =A |-- GeneralRule = 0.75 | DoiRule =A |-- GeneralRule = 0.75 | DoiRule =A |-- GeneralRule = 0.75 | DoiRule =A |-- GeneralRule = 0.75 | DoiRule =A |-- GeneralRule = 0.75 | DoiRule =A |-- GeneralRule = 0.75 | DoiRule =A |-- GeneralRule = 0.75 | DoiRule =A |-- GeneralRule = 0.75 | DoiRule =A |-- GeneralRule = 0.75 | DoiRule =A |-- GeneralRule = 0.75 | DoiRule =A |-- GeneralRule = 0.75 | DoiRule =A |-- GeneralRule = 0.75 | DoiRule =A |-- GeneralRule = 0.75 | DoiRule =A |-- GeneralRule = 0.75 | DoiRule =A |-- GeneralRule = 0.75 | DoiRule =A |-- GeneralRule = 0.75 | DoiRule =A |-- GeneralRule = 0.75 | DoiRule =A |-- GeneralRule = 0.75 | DoiRule =A |-- GeneralRule = 0.75 | DoiRule =A |-- GeneralRule = 0.75 | DoiRule =A |-- GeneralRule = 0.75 | DoiRule =A |-- GeneralRule = 0.75 | DoiRule =A |-- GeneralRule = 0.75 | DoiRule =A |-- GeneralRule = 0.75 | DoiRule =A |-- GeneralRule = 0.75 | DoiRule =A |-- GeneralRule = 0.75 | DoiRule =A |-- GeneralRule = 0.75 | DoiRule =A |-- GeneralRule = 0.75 | DoiRule =A |-- GeneralRule = 0.75 | DoiRule =A |-- GeneralRule = 0.75 | DoiRule =A |-- GeneralRule = 0.75 | DoiRule =A |-- GeneralRule = 0.75 | DoiRule =A |-- GeneralRule = 0.75 | DoiRule =A |-- GeneralRule = 0.75 | DoiRule =A |-- GeneralRule = 0.75 | DoiRule =A |-- GeneralRule = 0.75 | DoiRule =A |-- GeneralRule = 0.75 | DoiRule =A |-- GeneralRule = 0.75 | DoiRule =A |-- GeneralRule = 0.75 | DoiRule =A |-- GeneralRule = 0.75 | DoiRule =A |-- GeneralRule = 0.75 | DoiRule =A |-- GeneralRule = 0.75 | DoiRule =A |-- GeneralRule = 0.75 | DoiRule =A |-- GeneralRule = 0.75 | DoiRule =A |-- GeneralRule = 0.75 | DoiRule =A |-- GeneralRule = 0.75 | DoiRule =A |-- GeneralRule = 0.75 | DoiRule =A |-- GeneralRule = 0.75 | DoiRule =A |-- GeneralRule = 0.75 | DoiRule =A |-- GeneralRule = 0.75 | DoiRule =A |-- GeneralRule = 0.75 | DoiRule =A |-- GeneralRule = 0.75 | DoiRule =A |-- GeneralRule = 0.75 | DoiRule =A |-- GeneralRule = 0.75 | DoiRule =A |-- GeneralRule = 0.75 | DoiRule =A |-- GeneralRule = 0.75 | DoiRule =A |-- GeneralRule = 0.75 | DoiRule =A |-- GeneralRule = 0.75 | DoiRule =A |-- GeneralRule = 0.75 | DoiRule =A |-- GeneralRule = 0.75 | DoiRule =A |-- GeneralRule = 0.75 | DoiRule =A |-- GeneralRule = 0.75 | DoiRule =A |-- GeneralRule = 0.75 | DoiRule =A |-- GeneralRule = 0.75 | DoiRule =A |-- GeneralRule = 0.75 | DoiRule =A |-- GeneralRule = 0.75 | DoiRule =A |-- GeneralRule = 0.75 | DoiRule =A |-- GeneralRule = 0.75 | DoiRule =A |-- GeneralRule = 0.75 | DoiRule =A |-- GeneralRule = 0.75 | DoiRule =A |-- GeneralRule = 0.75 | DoiRule =A |-- GeneralRule = 0.75 | DoiRule =A |-- GeneralRule = 0.75 | DoiRule =A |-- GeneralRule = 0.75 | DoiRule =A |-- GeneralRule = 0.75 | DoiRule =A |-- GeneralRule = 0.75 | DoiRule =A |-- GeneralRule = 0.75 | DoiRule =A |-- GeneralRule = 0.75 | DoiRule =A |-- GeneralRule = 0.75 | DoiRule =A |-- GeneralRule = 0.75 | DoiRule =A |-- GeneralRule = 0.75 | DoiRule =A |-- GeneralRule = 0.75 | DoiRule =A |-- GeneralRule = 0.75 | DoiRule =A |-- GeneralRule = 0.75 | DoiRule =A |-- GeneralRule = 0.75 | DoiRule =A |-- GeneralRule = 0.75 | DoiRule =A |-- GeneralRule = 0.75 | DoiRule =A |-- GeneralRule = 0.75 | DoiRule =A |-- GeneralRule = 0.75 | DoiRule =A |-- GeneralRule = 0.75 | DoiRule =A |-- GeneralRule = 0.75 | DoiRule =A |-- GeneralRule = 0.75 | DoiRule =A |-- GeneralRule = 0.75 | DoiRule =A |-- GeneralRule = 0.75 | DoiRule =A |-- GeneralRule = 0.75 | DoiRule =A |-- GeneralRule = 0.75 | DoiRule =A |-- GeneralRule = 0.75 | DoiRule =A |-- GeneralRule = 0.75 | DoiRule =A |-- GeneralRule = 0.75 | DoiRule =A |-- GeneralRule = 0.75 | DoiRule =A |-- GeneralRule = 0.75 | DoiRule =A |-- GeneralRule = 0.75 | DoiRule =A |-- GeneralRule = 0.75 | DoiRule =A |-- GeneralRule = 0.75 | DoiRule =A |-- GeneralRule = 0.75 | DoiRule =A |-- GeneralRule = 0.75 | DoiRule =A |-- GeneralRule = 0.75 | DoiRule =A |-- GeneralRule = 0.75 | DoiRule =A |-- GeneralRule = 0.75 | DoiRule =A |-- GeneralRule = 0.75 | DoiRule =A |-- GeneralRule = 0.75 | DoiRule =A |-- GeneralRule = 0.75 | DoiRule =A |-- GeneralRule = 0.75 | DoiRule =A |-- GeneralRule = 0.75 | DoiRule =A |-- GeneralRule = 0.75 | DoiRule =A |-- GeneralRule = 0.75 | DoiRule =A |-- GeneralRule = 0.75 | DoiRule =A |-- GeneralRule = 0.75 | DoiRule =A |-- GeneralRule = 0.75 | DoiRule =A |-- GeneralRule = 0.75 | DoiRule =A |-- GeneralRule = 0.75 | DoiRule =A |-- GeneralRule = 0.75 | DoiRule =A |-- GeneralRule = 0.75 | DoiRule =A |-- GeneralRule = 0.75 | DoiRule =A |-- GeneralRule = 0.75 | DoiRule =A |-- GeneralRule = 0.75 | DoiRule =A |-- GeneralRule = 0.75 | DoiRule =A |-- GeneralRule = 0.5 | DoiRule =A |-- GeneralRule = 0.75 | DoiRule =A |-- GeneralRule = 0.75 | DoiRule =A |-- GeneralRule = 0.75 | DoiRule =A |-- GeneralRule = 0.75 | DoiRule =A |-- GeneralRule = 0.75 | DoiRule =A |-- GeneralRule = 0.75 | DoiRule =A |-- GeneralRule = 0.75 | DoiRule =A |-- GeneralRule = 0.75 | DoiRule =A |-- GeneralRule = 0.75 | DoiRule =A |-- GeneralRule = 0.75 | DoiRule =A |-- GeneralRule = 0.75 | DoiRule =A |-- GeneralRule = 0.75 | DoiRule =A |--,NEAR_DUPLICATE
41717537,None,None,NO_DUPLICATE
40248156,None,None,NO_DUPLICATE
41896130,None,None,NO_DUPLICATE
40724405,None,None,NO_DUPLICATE
41225810,None,None,NO_DUPLICATE
40750315,None,None,NO_DUPLICATE
40965595,None,None,NO_DUPLICATE
40286492,None,None,NO_DUPLICATE
40610453,None,None,NO_DUPLICATE
41648874,None,None,NO_DUPLICATE
41528081,None,None,NO_DUPLICATE
41322537,None,None,NO_DUPLICATE
40363694,None,None,NO_DUPLICATE
40537368,None,None,NO_DUPLICATE
40919706,None,None,NO_DUPLICATE
40365948,None,None,NO_DUPLICATE
40759491,None,None,NO_DUPLICATE
41369381,None,None,NO_DUPLICATE
41619965,None,None,NO_DUPLICATE
40399374,None,None,NO_DUPLICATE
41167396,None,None,NO_DUPLICATE
41163949,None,None,NO_DUPLICATE
40509370,None,None,NO_DUPLICATE
41096876,None,None,NO_DUPLICATE
41156616,None,None,NO_DUPLICATE
41284565,None,None,NO_DUPLICATE
41840112,None,None,NO_DUPLICATE
41896600,None,None,NO_DUPLICATE
41007966,None,None,NO_DUPLICATE
40864062,None,None,NO_DUPLICATE
40759193,None,None,NO_DUPLICATE
41754457,None,None,NO_DUPLICATE
41858543,None,None,NO_DUPLICATE
41907827,None,None,NO_DUPLICATE
41000104, | http://sedici.unlp.edu.ar/handle/10915/71918 | http://sedici.unlp.edu.ar/handle/10915/68340 | http://sedici.unlp.edu.ar/handle/10915/74507 | http://sedici.unlp.edu.ar/handle/10915/72165 | http://sedici.unlp.edu.ar/handle/10915/72316 | http://sedici.unlp.edu.ar/handle/10915/97467 | http://sedici.unlp.edu.ar/handle/10915/97488 | http://sedici.unlp.edu.ar/handle/10915/34050 | http://sedici.unlp.edu.ar/handle/10915/36354 | http://sedici.unlp.edu.ar/handle/10915/42843 | http://sedici.unlp.edu.ar/handle/10915/71845 | http://sedici.unlp.edu.ar/handle/10915/45961 | http://sedici.unlp.edu.ar/handle/10915/78824 | http://sedici.unlp.edu.ar/handle/10915/67743 | http://sedici.unlp.edu.ar/handle/10915/78023 | http://sedici.unlp.edu.ar/handle/10915/81733 | http://sedici.unlp.edu.ar/handle/10915/92250 | http://sedici.unlp.edu.ar/handle/10915/101450 | http://sedici.unlp.edu.ar/handle/10915/32922 | http://sedici.unlp.edu.ar/handle/10915/33647 | http://sedici.unlp.edu.ar/handle/10915/30257 | http://sedici.unlp.edu.ar/handle/10915/32600 | http://sedici.unlp.edu.ar/handle/10915/31527 | http://sedici.unlp.edu.ar/handle/10915/32525 | http://sedici.unlp.edu.ar/handle/10915/32768 | http://sedici.unlp.edu.ar/handle/10915/34077 | http://sedici.unlp.edu.ar/handle/10915/32953 | http://sedici.unlp.edu.ar/handle/10915/34032 | http://sedici.unlp.edu.ar/handle/10915/46417 | http://sedici.unlp.edu.ar/handle/10915/30203|https://doi.org/10.35537/10915/30203 | http://sedici.unlp.edu.ar/handle/10915/33232 | http://sedici.unlp.edu.ar/handle/10915/33854 | http://sedici.unlp.edu.ar/handle/10915/33781 | http://sedici.unlp.edu.ar/handle/10915/34051 | http://sedici.unlp.edu.ar/handle/10915/34088 | http://sedici.unlp.edu.ar/handle/10915/34359 | http://sedici.unlp.edu.ar/handle/10915/35001 | http://sedici.unlp.edu.ar/handle/10915/35232 | http://sedici.unlp.edu.ar/handle/10915/35806 | http://sedici.unlp.edu.ar/handle/10915/35930 | http://sedici.unlp.edu.ar/handle/10915/35704 | http://sedici.unlp.edu.ar/handle/10915/36538 | http://sedici.unlp.edu.ar/handle/10915/36312 | http://sedici.unlp.edu.ar/handle/10915/36483 | http://sedici.unlp.edu.ar/handle/10915/36467 | http://sedici.unlp.edu.ar/handle/10915/35569 | http://sedici.unlp.edu.ar/handle/10915/35850 | http://sedici.unlp.edu.ar/handle/10915/36008 | http://sedici.unlp.edu.ar/handle/10915/34370 | http://sedici.unlp.edu.ar/handle/10915/36660 | http://sedici.unlp.edu.ar/handle/10915/36559 | http://sedici.unlp.edu.ar/handle/10915/36417 | http://sedici.unlp.edu.ar/handle/10915/36616 | http://sedici.unlp.edu.ar/handle/10915/37137 | http://sedici.unlp.edu.ar/handle/10915/34584 | http://sedici.unlp.edu.ar/handle/10915/36166 | http://sedici.unlp.edu.ar/handle/10915/36109 | http://sedici.unlp.edu.ar/handle/10915/34768 | http://sedici.unlp.edu.ar/handle/10915/37505 | http://sedici.unlp.edu.ar/handle/10915/37532 | http://sedici.unlp.edu.ar/handle/10915/37569 | http://sedici.unlp.edu.ar/handle/10915/37619 | http://sedici.unlp.edu.ar/handle/10915/37854 | http://sedici.unlp.edu.ar/handle/10915/37562 | http://sedici.unlp.edu.ar/handle/10915/37514 | http://sedici.unlp.edu.ar/handle/10915/37673 | http://sedici.unlp.edu.ar/handle/10915/59838 | http://sedici.unlp.edu.ar/handle/10915/38065 | http://sedici.unlp.edu.ar/handle/10915/64170 | http://sedici.unlp.edu.ar/handle/10915/41386 | http://sedici.unlp.edu.ar/handle/10915/33014 | http://sedici.unlp.edu.ar/handle/10915/34067 | http://sedici.unlp.edu.ar/handle/10915/42882 | http://sedici.unlp.edu.ar/handle/10915/43426 | http://sedici.unlp.edu.ar/handle/10915/43537 | http://sedici.unlp.edu.ar/handle/10915/42958 | http://sedici.unlp.edu.ar/handle/10915/47156 | http://sedici.unlp.edu.ar/handle/10915/43773 | http://sedici.unlp.edu.ar/handle/10915/46536 | http://sedici.unlp.edu.ar/handle/10915/44989 | http://sedici.unlp.edu.ar/handle/10915/45078 | http://sedici.unlp.edu.ar/handle/10915/46248 | http://sedici.unlp.edu.ar/handle/10915/46784 | http://sedici.unlp.edu.ar/handle/10915/46464 | http://sedici.unlp.edu.ar/handle/10915/47062 | http://sedici.unlp.edu.ar/handle/10915/15335 | http://sedici.unlp.edu.ar/handle/10915/47321 | http://sedici.unlp.edu.ar/handle/10915/47521 | http://sedici.unlp.edu.ar/handle/10915/47634 | http://sedici.unlp.edu.ar/handle/10915/47717 | http://sedici.unlp.edu.ar/handle/10915/48077 | http://sedici.unlp.edu.ar/handle/10915/57293 | http://sedici.unlp.edu.ar/handle/10915/48613 | http://sedici.unlp.edu.ar/handle/10915/48456 | http://sedici.unlp.edu.ar/handle/10915/15396 | http://sedici.unlp.edu.ar/handle/10915/48798 | http://sedici.unlp.edu.ar/handle/10915/48944 | http://sedici.unlp.edu.ar/handle/10915/26901 | http://sedici.unlp.edu.ar/handle/10915/32449 | http://sedici.unlp.edu.ar/handle/10915/35745 | http://sedici.unlp.edu.ar/handle/10915/48983 | http://sedici.unlp.edu.ar/handle/10915/48995 | http://sedici.unlp.edu.ar/handle/10915/15354 | http://sedici.unlp.edu.ar/handle/10915/60254 | http://sedici.unlp.edu.ar/handle/10915/11781 | http://sedici.unlp.edu.ar/handle/10915/13640 | http://sedici.unlp.edu.ar/handle/10915/15384 | http://sedici.unlp.edu.ar/handle/10915/13926 | http://sedici.unlp.edu.ar/handle/10915/15296 | http://sedici.unlp.edu.ar/handle/10915/64540 | http://sedici.unlp.edu.ar/handle/10915/15322 | http://sedici.unlp.edu.ar/handle/10915/15389 | http://sedici.unlp.edu.ar/handle/10915/15395 | http://sedici.unlp.edu.ar/handle/10915/13927 | http://sedici.unlp.edu.ar/handle/10915/15400 | http://sedici.unlp.edu.ar/handle/10915/15338 | http://sedici.unlp.edu.ar/handle/10915/15342 | http://sedici.unlp.edu.ar/handle/10915/15404 | http://sedici.unlp.edu.ar/handle/10915/15346 | http://sedici.unlp.edu.ar/handle/10915/15408 | http://sedici.unlp.edu.ar/handle/10915/15412 | http://sedici.unlp.edu.ar/handle/10915/15416 | http://sedici.unlp.edu.ar/handle/10915/15350 | http://sedici.unlp.edu.ar/handle/10915/15419 | http://sedici.unlp.edu.ar/handle/10915/15357 | http://sedici.unlp.edu.ar/handle/10915/15301 | http://sedici.unlp.edu.ar/handle/10915/15361 | http://sedici.unlp.edu.ar/handle/10915/15365 | http://sedici.unlp.edu.ar/handle/10915/15309 | http://sedici.unlp.edu.ar/handle/10915/15369 | http://sedici.unlp.edu.ar/handle/10915/15373 | http://sedici.unlp.edu.ar/handle/10915/13940 | http://sedici.unlp.edu.ar/handle/10915/15314 | http://sedici.unlp.edu.ar/handle/10915/21913 | http://sedici.unlp.edu.ar/handle/10915/15318 | http://sedici.unlp.edu.ar/handle/10915/15305 | http://sedici.unlp.edu.ar/handle/10915/15326 | http://sedici.unlp.edu.ar/handle/10915/26024 | http://sedici.unlp.edu.ar/handle/10915/15331 | http://sedici.unlp.edu.ar/handle/10915/18489 | http://sedici.unlp.edu.ar/handle/10915/27640 | http://sedici.unlp.edu.ar/handle/10915/54470 | http://sedici.unlp.edu.ar/handle/10915/54453 | http://sedici.unlp.edu.ar/handle/10915/57787 | http://sedici.unlp.edu.ar/handle/10915/57735 | http://sedici.unlp.edu.ar/handle/10915/57900 | http://sedici.unlp.edu.ar/handle/10915/49301 | http://sedici.unlp.edu.ar/handle/10915/54989 | http://sedici.unlp.edu.ar/handle/10915/47233 | http://sedici.unlp.edu.ar/handle/10915/49959 | http://sedici.unlp.edu.ar/handle/10915/45365 | http://sedici.unlp.edu.ar/handle/10915/50128 | http://sedici.unlp.edu.ar/handle/10915/60906 | http://sedici.unlp.edu.ar/handle/10915/57189 | http://sedici.unlp.edu.ar/handle/10915/52545 | http://sedici.unlp.edu.ar/handle/10915/52571 | http://sedici.unlp.edu.ar/handle/10915/44128 | http://sedici.unlp.edu.ar/handle/10915/44129 | http://sedici.unlp.edu.ar/handle/10915/44145 | http://sedici.unlp.edu.ar/handle/10915/44144 | http://sedici.unlp.edu.ar/handle/10915/53171 | http://sedici.unlp.edu.ar/handle/10915/51059 | http://sedici.unlp.edu.ar/handle/10915/51076 | http://sedici.unlp.edu.ar/handle/10915/65889 | http://sedici.unlp.edu.ar/handle/10915/61399 | http://sedici.unlp.edu.ar/handle/10915/59084|https://doi.org/10.35537/10915/59084 | http://sedici.unlp.edu.ar/handle/10915/62491 | http://sedici.unlp.edu.ar/handle/10915/63065 | http://sedici.unlp.edu.ar/handle/10915/66536 | http://sedici.unlp.edu.ar/handle/10915/66597 | http://sedici.unlp.edu.ar/handle/10915/63749 | http://sedici.unlp.edu.ar/handle/10915/32601 | http://sedici.unlp.edu.ar/handle/10915/33050 | http://sedici.unlp.edu.ar/handle/10915/34286 | http://sedici.unlp.edu.ar/handle/10915/122225 | http://sedici.unlp.edu.ar/handle/10915/116102 | http://sedici.unlp.edu.ar/handle/10915/135940 | http://sedici.unlp.edu.ar/handle/10915/137993, GeneralRule = 0.75 |-- GeneralRule = 0.75 | DoiRule =A |-- GeneralRule = 0.75 |-- GeneralRule = 0.75 |-- GeneralRule = 0.75 |-- GeneralRule = 0.75 | DoiRule =A |-- GeneralRule = 0.75 | DoiRule =A |-- GeneralRule = 0.75 | DoiRule =A |-- GeneralRule = 0.75 | DoiRule =A |-- GeneralRule = 0.75 | DoiRule =A |-- GeneralRule = 0.75 | DoiRule =A |-- GeneralRule = 0.75 | DoiRule =A |-- GeneralRule = 0.75 | DoiRule =A |-- GeneralRule = 0.75 |-- GeneralRule = 0.75 |-- GeneralRule = 0.75 | DoiRule =A |-- GeneralRule = 0.75 | DoiRule =A |-- GeneralRule = 0.75 | DoiRule =A |-- GeneralRule = 0.75 | DoiRule =A |-- GeneralRule = 0.75 | DoiRule =A |-- GeneralRule = 0.75 | DoiRule =A |-- GeneralRule = 0.75 | DoiRule =A |-- GeneralRule = 0.75 | DoiRule =A |-- GeneralRule = 0.75 | DoiRule =A |-- GeneralRule = 0.75 | DoiRule =A |-- GeneralRule = 0.75 | DoiRule =A |-- GeneralRule = 0.75 | DoiRule =A |-- GeneralRule = 0.75 | DoiRule =A |-- GeneralRule = 0.75 | DoiRule =A |-- GeneralRule = 0.5 | DoiRule =A |-- GeneralRule = 0.75 | DoiRule =A |-- GeneralRule = 0.75 | DoiRule =A |-- GeneralRule = 0.75 | DoiRule =A |-- GeneralRule = 0.75 | DoiRule =A |-- GeneralRule = 0.75 | DoiRule =A |-- GeneralRule = 0.75 | DoiRule =A |-- GeneralRule = 0.75 | DoiRule =A |-- GeneralRule = 0.75 | DoiRule =A |-- GeneralRule = 0.75 | DoiRule =A |-- GeneralRule = 0.75 | DoiRule =A |-- GeneralRule = 0.75 | DoiRule =A |-- GeneralRule = 0.75 | DoiRule =A |-- GeneralRule = 0.75 | DoiRule =A |-- GeneralRule = 0.75 | DoiRule =A |-- GeneralRule = 0.75 | DoiRule =A |-- GeneralRule = 0.75 | DoiRule =A |-- GeneralRule = 0.75 | DoiRule =A |-- GeneralRule = 0.75 | DoiRule =A |-- GeneralRule = 0.75 | DoiRule =A |-- GeneralRule = 0.75 | DoiRule =A |-- GeneralRule = 0.75 | DoiRule =A |-- GeneralRule = 0.75 | DoiRule =A |-- GeneralRule = 0.75 | DoiRule =A |-- GeneralRule = 0.75 | DoiRule =A |-- GeneralRule = 0.75 | DoiRule =A |-- GeneralRule = 0.75 | DoiRule =A |-- GeneralRule = 0.75 | DoiRule =A |-- GeneralRule = 0.75 | DoiRule =A |-- GeneralRule = 0.75 | DoiRule =A |-- GeneralRule = 0.75 | DoiRule =A |-- GeneralRule = 0.75 | DoiRule =A |-- GeneralRule = 0.75 | DoiRule =A |-- GeneralRule = 0.75 | DoiRule =A |-- GeneralRule = 0.75 | DoiRule =A |-- GeneralRule = 0.75 | DoiRule =A |-- GeneralRule = 0.75 | DoiRule =A |-- GeneralRule = 0.75 | DoiRule =A |-- GeneralRule = 0.75 | DoiRule =A |-- GeneralRule = 0.75 | DoiRule =A |-- GeneralRule = 0.75 | DoiRule =A |-- GeneralRule = 0.75 | DoiRule =A |-- GeneralRule = 0.75 | DoiRule =A |-- GeneralRule = 0.75 | DoiRule =A |-- GeneralRule = 0.75 | DoiRule =A |-- GeneralRule = 0.75 | DoiRule =A |-- GeneralRule = 0.75 | DoiRule =A |-- GeneralRule = 0.75 | DoiRule =A |-- GeneralRule = 0.75 | DoiRule =A |-- GeneralRule = 0.75 | DoiRule =A |-- GeneralRule = 0.75 | DoiRule =A |-- GeneralRule = 0.75 | DoiRule =A |-- GeneralRule = 0.75 | DoiRule =A |-- GeneralRule = 0.75 | DoiRule =A |-- GeneralRule = 0.75 | DoiRule =A |-- GeneralRule = 0.75 | DoiRule =A |-- GeneralRule = 0.75 | DoiRule =A |-- GeneralRule = 0.75 | DoiRule =A |-- GeneralRule = 0.75 | DoiRule =A |-- GeneralRule = 0.75 | DoiRule =A |-- GeneralRule = 0.75 | DoiRule =A |-- GeneralRule = 0.75 | DoiRule =A |-- GeneralRule = 0.75 | DoiRule =A |-- GeneralRule = 0.75 | DoiRule =A |-- GeneralRule = 0.75 | DoiRule =A |-- GeneralRule = 0.75 | DoiRule =A |-- GeneralRule = 0.75 | DoiRule =A |-- GeneralRule = 0.75 | DoiRule =A |-- GeneralRule = 0.75 | DoiRule =A |-- GeneralRule = 0.75 | DoiRule =A |-- GeneralRule = 0.75 | DoiRule =A |-- GeneralRule = 0.75 | DoiRule =A |-- GeneralRule = 0.75 | DoiRule =A |-- GeneralRule = 0.75 | DoiRule =A |-- GeneralRule = 0.75 | DoiRule =A |-- GeneralRule = 0.75 | DoiRule =A |-- GeneralRule = 0.75 | DoiRule =A |-- GeneralRule = 0.75 | DoiRule =A |-- GeneralRule = 0.75 | DoiRule =A |-- GeneralRule = 0.75 | DoiRule =A |-- GeneralRule = 0.75 | DoiRule =A |-- GeneralRule = 0.75 | DoiRule =A |-- GeneralRule = 0.75 | DoiRule =A |-- GeneralRule = 0.75 | DoiRule =A |-- GeneralRule = 0.75 | DoiRule =A |-- GeneralRule = 0.75 | DoiRule =A |-- GeneralRule = 0.75 | DoiRule =A |-- GeneralRule = 0.75 | DoiRule =A |-- GeneralRule = 0.75 | DoiRule =A |-- GeneralRule = 0.75 | DoiRule =A |-- GeneralRule = 0.75 | DoiRule =A |-- GeneralRule = 0.75 | DoiRule =A |-- GeneralRule = 0.75 | DoiRule =A |-- GeneralRule = 0.75 | DoiRule =A |-- GeneralRule = 0.75 | DoiRule =A |-- GeneralRule = 0.75 | DoiRule =A |-- GeneralRule = 0.75 | DoiRule =A |-- GeneralRule = 0.75 | DoiRule =A |-- GeneralRule = 0.75 | DoiRule =A |-- GeneralRule = 0.75 | DoiRule =A |-- GeneralRule = 0.75 | DoiRule =A |-- GeneralRule = 0.75 | DoiRule =A |-- GeneralRule = 0.75 | DoiRule =A |-- GeneralRule = 0.75 | DoiRule =A |-- GeneralRule = 0.75 | DoiRule =A |-- GeneralRule = 0.75 | DoiRule =A |-- GeneralRule = 0.75 | DoiRule =A |-- GeneralRule = 0.75 | DoiRule =A |-- GeneralRule = 0.75 | DoiRule =A |-- GeneralRule = 0.75 | DoiRule =A |-- GeneralRule = 0.75 | DoiRule =A |-- GeneralRule = 0.75 | DoiRule =A |-- GeneralRule = 0.75 | DoiRule =A |-- GeneralRule = 0.75 | DoiRule =A |-- GeneralRule = 0.75 | DoiRule =A |-- GeneralRule = 0.75 | DoiRule =A |-- GeneralRule = 0.75 | DoiRule =A |-- GeneralRule = 0.75 | DoiRule =A |-- GeneralRule = 0.75 | DoiRule =A |-- GeneralRule = 0.75 | DoiRule =A |-- GeneralRule = 0.75 | DoiRule =A |-- GeneralRule = 0.75 | DoiRule =A |-- GeneralRule = 0.75 | DoiRule =A |-- GeneralRule = 0.75 | DoiRule =A |-- GeneralRule = 0.75 | DoiRule =A |-- GeneralRule = 0.75 | DoiRule =A |-- GeneralRule = 0.75 | DoiRule =A |-- GeneralRule = 0.75 | DoiRule =A |-- GeneralRule = 0.75 | DoiRule =A |-- GeneralRule = 0.75 | DoiRule =A |-- GeneralRule = 0.75 | DoiRule =A |-- GeneralRule = 0.75 | DoiRule =A |-- GeneralRule = 0.75 | DoiRule =A |-- GeneralRule = 0.75 | DoiRule =A |-- GeneralRule = 0.75 | DoiRule =A |-- GeneralRule = 0.75 | DoiRule =A |-- GeneralRule = 0.5 | DoiRule =A |-- GeneralRule = 0.75 | DoiRule =A |-- GeneralRule = 0.75 | DoiRule =A |-- GeneralRule = 0.75 | DoiRule =A |-- GeneralRule = 0.75 | DoiRule =A |-- GeneralRule = 0.75 | DoiRule =A |-- GeneralRule = 0.75 | DoiRule =A |-- GeneralRule = 0.75 | DoiRule =A |-- GeneralRule = 0.75 | DoiRule =A |-- GeneralRule = 0.75 | DoiRule =A |-- GeneralRule = 0.75 | DoiRule =A |-- GeneralRule = 0.75 | DoiRule =A |-- GeneralRule = 0.75 | DoiRule =A |--,NEAR_DUPLICATE
40760098,None,None,NO_DUPLICATE
41727732,None,None,NO_DUPLICATE
41205478,None,None,NO_DUPLICATE
40450153,None,None,NO_DUPLICATE
41290853,None,None,NO_DUPLICATE
40170906,None,None,NO_DUPLICATE
41599779,None,None,NO_DUPLICATE
41632742,None,None,NO_DUPLICATE
41853201,None,None,NO_DUPLICATE
41870629,None,None,NO_DUPLICATE
41241391,None,None,NO_DUPLICATE
40344091,None,None,NO_DUPLICATE
40647985,None,None,NO_DUPLICATE
41227642,None,None,NO_DUPLICATE
41929668,None,None,NO_DUPLICATE
38992345,None,None,NO_DUPLICATE
41973767,None,None,NO_DUPLICATE
41168750,None,None,NO_DUPLICATE
41635498,None,None,NO_DUPLICATE
40807601,None,None,NO_DUPLICATE
41501562,None,None,NO_DUPLICATE
41120257,None,None,NO_DUPLICATE
39991622,None,None,NO_DUPLICATE
41907830,None,None,NO_DUPLICATE
40688569,None,None,NO_DUPLICATE
41551345,None,None,NO_DUPLICATE
40988544,None,None,NO_DUPLICATE
41491707,None,None,NO_DUPLICATE
41331964,None,None,NO_DUPLICATE
41471029,None,None,NO_DUPLICATE
40323908,None,None,NO_DUPLICATE
41924168,None,None,NO_DUPLICATE
41528086,None,None,NO_DUPLICATE
41961611,None,None,NO_DUPLICATE
40068794,None,None,NO_DUPLICATE
41593790,None,None,NO_DUPLICATE
41929772,None,None,NO_DUPLICATE
41453205,None,None,NO_DUPLICATE
40453692,None,None,NO_DUPLICATE
41561187,None,None,NO_DUPLICATE
41308650,None,None,NO_DUPLICATE
41538518,None,None,NO_DUPLICATE
41544087,None,None,NO_DUPLICATE
41535476,None,None,NO_DUPLICATE
41933473,None,None,NO_DUPLICATE
41567861,None,None,NO_DUPLICATE
40990720,None,None,NO_DUPLICATE
41824894,None,None,NO_DUPLICATE
41897734,None,None,NO_DUPLICATE
40282685,None,None,NO_DUPLICATE
41515029,None,None,NO_DUPLICATE
40738311,None,None,NO_DUPLICATE
41180649,None,None,NO_DUPLICATE
40120777,None,None,NO_DUPLICATE
41020966,None,None,NO_DUPLICATE
41152765,None,None,NO_DUPLICATE
40677624, | http://sedici.unlp.edu.ar/handle/10915/71918 | http://sedici.unlp.edu.ar/handle/10915/68340 | http://sedici.unlp.edu.ar/handle/10915/74507 | http://sedici.unlp.edu.ar/handle/10915/72165 | http://sedici.unlp.edu.ar/handle/10915/72316 | http://sedici.unlp.edu.ar/handle/10915/97467 | http://sedici.unlp.edu.ar/handle/10915/97488 | http://sedici.unlp.edu.ar/handle/10915/34050 | http://sedici.unlp.edu.ar/handle/10915/36354 | http://sedici.unlp.edu.ar/handle/10915/42843 | http://sedici.unlp.edu.ar/handle/10915/71845 | http://sedici.unlp.edu.ar/handle/10915/45961 | http://sedici.unlp.edu.ar/handle/10915/78824 | http://sedici.unlp.edu.ar/handle/10915/67743 | http://sedici.unlp.edu.ar/handle/10915/78023 | http://sedici.unlp.edu.ar/handle/10915/81733 | http://sedici.unlp.edu.ar/handle/10915/92250 | http://sedici.unlp.edu.ar/handle/10915/101450 | http://sedici.unlp.edu.ar/handle/10915/32922 | http://sedici.unlp.edu.ar/handle/10915/33647 | http://sedici.unlp.edu.ar/handle/10915/30257 | http://sedici.unlp.edu.ar/handle/10915/32600 | http://sedici.unlp.edu.ar/handle/10915/31527 | http://sedici.unlp.edu.ar/handle/10915/32525 | http://sedici.unlp.edu.ar/handle/10915/32768 | http://sedici.unlp.edu.ar/handle/10915/34077 | http://sedici.unlp.edu.ar/handle/10915/32953 | http://sedici.unlp.edu.ar/handle/10915/34032 | http://sedici.unlp.edu.ar/handle/10915/46417 | http://sedici.unlp.edu.ar/handle/10915/30203|https://doi.org/10.35537/10915/30203 | http://sedici.unlp.edu.ar/handle/10915/33232 | http://sedici.unlp.edu.ar/handle/10915/33854 | http://sedici.unlp.edu.ar/handle/10915/33781 | http://sedici.unlp.edu.ar/handle/10915/34051 | http://sedici.unlp.edu.ar/handle/10915/34088 | http://sedici.unlp.edu.ar/handle/10915/34359 | http://sedici.unlp.edu.ar/handle/10915/35001 | http://sedici.unlp.edu.ar/handle/10915/35232 | http://sedici.unlp.edu.ar/handle/10915/35806 | http://sedici.unlp.edu.ar/handle/10915/35930 | http://sedici.unlp.edu.ar/handle/10915/35704 | http://sedici.unlp.edu.ar/handle/10915/36538 | http://sedici.unlp.edu.ar/handle/10915/36312 | http://sedici.unlp.edu.ar/handle/10915/36483 | http://sedici.unlp.edu.ar/handle/10915/36467 | http://sedici.unlp.edu.ar/handle/10915/35569 | http://sedici.unlp.edu.ar/handle/10915/35850 | http://sedici.unlp.edu.ar/handle/10915/36008 | http://sedici.unlp.edu.ar/handle/10915/34370 | http://sedici.unlp.edu.ar/handle/10915/36660 | http://sedici.unlp.edu.ar/handle/10915/36559 | http://sedici.unlp.edu.ar/handle/10915/36417 | http://sedici.unlp.edu.ar/handle/10915/36616 | http://sedici.unlp.edu.ar/handle/10915/37137 | http://sedici.unlp.edu.ar/handle/10915/34584 | http://sedici.unlp.edu.ar/handle/10915/36166 | http://sedici.unlp.edu.ar/handle/10915/36109 | http://sedici.unlp.edu.ar/handle/10915/34768 | http://sedici.unlp.edu.ar/handle/10915/37505 | http://sedici.unlp.edu.ar/handle/10915/37532 | http://sedici.unlp.edu.ar/handle/10915/37569 | http://sedici.unlp.edu.ar/handle/10915/37619 | http://sedici.unlp.edu.ar/handle/10915/37854 | http://sedici.unlp.edu.ar/handle/10915/37562 | http://sedici.unlp.edu.ar/handle/10915/37514 | http://sedici.unlp.edu.ar/handle/10915/37673 | http://sedici.unlp.edu.ar/handle/10915/59838 | http://sedici.unlp.edu.ar/handle/10915/38065 | http://sedici.unlp.edu.ar/handle/10915/64170 | http://sedici.unlp.edu.ar/handle/10915/41386 | http://sedici.unlp.edu.ar/handle/10915/33014 | http://sedici.unlp.edu.ar/handle/10915/34067 | http://sedici.unlp.edu.ar/handle/10915/42882 | http://sedici.unlp.edu.ar/handle/10915/43426 | http://sedici.unlp.edu.ar/handle/10915/43537 | http://sedici.unlp.edu.ar/handle/10915/42958 | http://sedici.unlp.edu.ar/handle/10915/47156 | http://sedici.unlp.edu.ar/handle/10915/43773 | http://sedici.unlp.edu.ar/handle/10915/46536 | http://sedici.unlp.edu.ar/handle/10915/44989 | http://sedici.unlp.edu.ar/handle/10915/45078 | http://sedici.unlp.edu.ar/handle/10915/46248 | http://sedici.unlp.edu.ar/handle/10915/46784 | http://sedici.unlp.edu.ar/handle/10915/46464 | http://sedici.unlp.edu.ar/handle/10915/47062 | http://sedici.unlp.edu.ar/handle/10915/15335 | http://sedici.unlp.edu.ar/handle/10915/47321 | http://sedici.unlp.edu.ar/handle/10915/47521 | http://sedici.unlp.edu.ar/handle/10915/47634 | http://sedici.unlp.edu.ar/handle/10915/47717 | http://sedici.unlp.edu.ar/handle/10915/48077 | http://sedici.unlp.edu.ar/handle/10915/57293 | http://sedici.unlp.edu.ar/handle/10915/48613 | http://sedici.unlp.edu.ar/handle/10915/48456 | http://sedici.unlp.edu.ar/handle/10915/15396 | http://sedici.unlp.edu.ar/handle/10915/48798 | http://sedici.unlp.edu.ar/handle/10915/48944 | http://sedici.unlp.edu.ar/handle/10915/26901 | http://sedici.unlp.edu.ar/handle/10915/32449 | http://sedici.unlp.edu.ar/handle/10915/35745 | http://sedici.unlp.edu.ar/handle/10915/48983 | http://sedici.unlp.edu.ar/handle/10915/48995 | http://sedici.unlp.edu.ar/handle/10915/15354 | http://sedici.unlp.edu.ar/handle/10915/60254 | http://sedici.unlp.edu.ar/handle/10915/11781 | http://sedici.unlp.edu.ar/handle/10915/13640 | http://sedici.unlp.edu.ar/handle/10915/15384 | http://sedici.unlp.edu.ar/handle/10915/13926 | http://sedici.unlp.edu.ar/handle/10915/15296 | http://sedici.unlp.edu.ar/handle/10915/64540 | http://sedici.unlp.edu.ar/handle/10915/15322 | http://sedici.unlp.edu.ar/handle/10915/15389 | http://sedici.unlp.edu.ar/handle/10915/15395 | http://sedici.unlp.edu.ar/handle/10915/13927 | http://sedici.unlp.edu.ar/handle/10915/15400 | http://sedici.unlp.edu.ar/handle/10915/15338 | http://sedici.unlp.edu.ar/handle/10915/15342 | http://sedici.unlp.edu.ar/handle/10915/15404 | http://sedici.unlp.edu.ar/handle/10915/15346 | http://sedici.unlp.edu.ar/handle/10915/15408 | http://sedici.unlp.edu.ar/handle/10915/15412 | http://sedici.unlp.edu.ar/handle/10915/15416 | http://sedici.unlp.edu.ar/handle/10915/15350 | http://sedici.unlp.edu.ar/handle/10915/15419 | http://sedici.unlp.edu.ar/handle/10915/15357 | http://sedici.unlp.edu.ar/handle/10915/15301 | http://sedici.unlp.edu.ar/handle/10915/15361 | http://sedici.unlp.edu.ar/handle/10915/15365 | http://sedici.unlp.edu.ar/handle/10915/15309 | http://sedici.unlp.edu.ar/handle/10915/15369 | http://sedici.unlp.edu.ar/handle/10915/15373 | http://sedici.unlp.edu.ar/handle/10915/13940 | http://sedici.unlp.edu.ar/handle/10915/15314 | http://sedici.unlp.edu.ar/handle/10915/21913 | http://sedici.unlp.edu.ar/handle/10915/15318 | http://sedici.unlp.edu.ar/handle/10915/15305 | http://sedici.unlp.edu.ar/handle/10915/15326 | http://sedici.unlp.edu.ar/handle/10915/26024 | http://sedici.unlp.edu.ar/handle/10915/15331 | http://sedici.unlp.edu.ar/handle/10915/18489 | http://sedici.unlp.edu.ar/handle/10915/27640 | http://sedici.unlp.edu.ar/handle/10915/54470 | http://sedici.unlp.edu.ar/handle/10915/54453 | http://sedici.unlp.edu.ar/handle/10915/57787 | http://sedici.unlp.edu.ar/handle/10915/57735 | http://sedici.unlp.edu.ar/handle/10915/57900 | http://sedici.unlp.edu.ar/handle/10915/49301 | http://sedici.unlp.edu.ar/handle/10915/54989 | http://sedici.unlp.edu.ar/handle/10915/47233 | http://sedici.unlp.edu.ar/handle/10915/49959 | http://sedici.unlp.edu.ar/handle/10915/45365 | http://sedici.unlp.edu.ar/handle/10915/50128 | http://sedici.unlp.edu.ar/handle/10915/60906 | http://sedici.unlp.edu.ar/handle/10915/57189 | http://sedici.unlp.edu.ar/handle/10915/52545 | http://sedici.unlp.edu.ar/handle/10915/52571 | http://sedici.unlp.edu.ar/handle/10915/44128 | http://sedici.unlp.edu.ar/handle/10915/44129 | http://sedici.unlp.edu.ar/handle/10915/44145 | http://sedici.unlp.edu.ar/handle/10915/44144 | http://sedici.unlp.edu.ar/handle/10915/53171 | http://sedici.unlp.edu.ar/handle/10915/51059 | http://sedici.unlp.edu.ar/handle/10915/51076 | http://sedici.unlp.edu.ar/handle/10915/65889 | http://sedici.unlp.edu.ar/handle/10915/61399 | http://sedici.unlp.edu.ar/handle/10915/59084|https://doi.org/10.35537/10915/59084 | http://sedici.unlp.edu.ar/handle/10915/62491 | http://sedici.unlp.edu.ar/handle/10915/63065 | http://sedici.unlp.edu.ar/handle/10915/66536 | http://sedici.unlp.edu.ar/handle/10915/66597 | http://sedici.unlp.edu.ar/handle/10915/63749 | http://sedici.unlp.edu.ar/handle/10915/32601 | http://sedici.unlp.edu.ar/handle/10915/33050 | http://sedici.unlp.edu.ar/handle/10915/34286 | http://sedici.unlp.edu.ar/handle/10915/122225 | http://sedici.unlp.edu.ar/handle/10915/116102 | http://sedici.unlp.edu.ar/handle/10915/135940 | http://sedici.unlp.edu.ar/handle/10915/137993, GeneralRule = 0.75 |-- GeneralRule = 0.75 | DoiRule =A |-- GeneralRule = 0.75 |-- GeneralRule = 0.75 |-- GeneralRule = 0.75 |-- GeneralRule = 0.75 | DoiRule =A |-- GeneralRule = 0.75 | DoiRule =A |-- GeneralRule = 0.75 | DoiRule =A |-- GeneralRule = 0.75 | DoiRule =A |-- GeneralRule = 0.75 | DoiRule =A |-- GeneralRule = 0.75 | DoiRule =A |-- GeneralRule = 0.75 | DoiRule =A |-- GeneralRule = 0.75 | DoiRule =A |-- GeneralRule = 0.75 |-- GeneralRule = 0.75 |-- GeneralRule = 0.75 | DoiRule =A |-- GeneralRule = 0.75 | DoiRule =A |-- GeneralRule = 0.75 | DoiRule =A |-- GeneralRule = 0.75 | DoiRule =A |-- GeneralRule = 0.75 | DoiRule =A |-- GeneralRule = 0.75 | DoiRule =A |-- GeneralRule = 0.75 | DoiRule =A |-- GeneralRule = 0.75 | DoiRule =A |-- GeneralRule = 0.75 | DoiRule =A |-- GeneralRule = 0.75 | DoiRule =A |-- GeneralRule = 0.75 | DoiRule =A |-- GeneralRule = 0.75 | DoiRule =A |-- GeneralRule = 0.75 | DoiRule =A |-- GeneralRule = 0.75 | DoiRule =A |-- GeneralRule = 0.5 | DoiRule =A |-- GeneralRule = 0.75 | DoiRule =A |-- GeneralRule = 0.75 | DoiRule =A |-- GeneralRule = 0.75 | DoiRule =A |-- GeneralRule = 0.75 | DoiRule =A |-- GeneralRule = 0.75 | DoiRule =A |-- GeneralRule = 0.75 | DoiRule =A |-- GeneralRule = 0.75 | DoiRule =A |-- GeneralRule = 0.75 | DoiRule =A |-- GeneralRule = 0.75 | DoiRule =A |-- GeneralRule = 0.75 | DoiRule =A |-- GeneralRule = 0.75 | DoiRule =A |-- GeneralRule = 0.75 | DoiRule =A |-- GeneralRule = 0.75 | DoiRule =A |-- GeneralRule = 0.75 | DoiRule =A |-- GeneralRule = 0.75 | DoiRule =A |-- GeneralRule = 0.75 | DoiRule =A |-- GeneralRule = 0.75 | DoiRule =A |-- GeneralRule = 0.75 | DoiRule =A |-- GeneralRule = 0.75 | DoiRule =A |-- GeneralRule = 0.75 | DoiRule =A |-- GeneralRule = 0.75 | DoiRule =A |-- GeneralRule = 0.75 | DoiRule =A |-- GeneralRule = 0.75 | DoiRule =A |-- GeneralRule = 0.75 | DoiRule =A |-- GeneralRule = 0.75 | DoiRule =A |-- GeneralRule = 0.75 | DoiRule =A |-- GeneralRule = 0.75 | DoiRule =A |-- GeneralRule = 0.75 | DoiRule =A |-- GeneralRule = 0.75 | DoiRule =A |-- GeneralRule = 0.75 | DoiRule =A |-- GeneralRule = 0.75 | DoiRule =A |-- GeneralRule = 0.75 | DoiRule =A |-- GeneralRule = 0.75 | DoiRule =A |-- GeneralRule = 0.75 | DoiRule =A |-- GeneralRule = 0.75 | DoiRule =A |-- GeneralRule = 0.75 | DoiRule =A |-- GeneralRule = 0.75 | DoiRule =A |-- GeneralRule = 0.75 | DoiRule =A |-- GeneralRule = 0.75 | DoiRule =A |-- GeneralRule = 0.75 | DoiRule =A |-- GeneralRule = 0.75 | DoiRule =A |-- GeneralRule = 0.75 | DoiRule =A |-- GeneralRule = 0.75 | DoiRule =A |-- GeneralRule = 0.75 | DoiRule =A |-- GeneralRule = 0.75 | DoiRule =A |-- GeneralRule = 0.75 | DoiRule =A |-- GeneralRule = 0.75 | DoiRule =A |-- GeneralRule = 0.75 | DoiRule =A |-- GeneralRule = 0.75 | DoiRule =A |-- GeneralRule = 0.75 | DoiRule =A |-- GeneralRule = 0.75 | DoiRule =A |-- GeneralRule = 0.75 | DoiRule =A |-- GeneralRule = 0.75 | DoiRule =A |-- GeneralRule = 0.75 | DoiRule =A |-- GeneralRule = 0.75 | DoiRule =A |-- GeneralRule = 0.75 | DoiRule =A |-- GeneralRule = 0.75 | DoiRule =A |-- GeneralRule = 0.75 | DoiRule =A |-- GeneralRule = 0.75 | DoiRule =A |-- GeneralRule = 0.75 | DoiRule =A |-- GeneralRule = 0.75 | DoiRule =A |-- GeneralRule = 0.75 | DoiRule =A |-- GeneralRule = 0.75 | DoiRule =A |-- GeneralRule = 0.75 | DoiRule =A |-- GeneralRule = 0.75 | DoiRule =A |-- GeneralRule = 0.75 | DoiRule =A |-- GeneralRule = 0.75 | DoiRule =A |-- GeneralRule = 0.75 | DoiRule =A |-- GeneralRule = 0.75 | DoiRule =A |-- GeneralRule = 0.75 | DoiRule =A |-- GeneralRule = 0.75 | DoiRule =A |-- GeneralRule = 0.75 | DoiRule =A |-- GeneralRule = 0.75 | DoiRule =A |-- GeneralRule = 0.75 | DoiRule =A |-- GeneralRule = 0.75 | DoiRule =A |-- GeneralRule = 0.75 | DoiRule =A |-- GeneralRule = 0.75 | DoiRule =A |-- GeneralRule = 0.75 | DoiRule =A |-- GeneralRule = 0.75 | DoiRule =A |-- GeneralRule = 0.75 | DoiRule =A |-- GeneralRule = 0.75 | DoiRule =A |-- GeneralRule = 0.75 | DoiRule =A |-- GeneralRule = 0.75 | DoiRule =A |-- GeneralRule = 0.75 | DoiRule =A |-- GeneralRule = 0.75 | DoiRule =A |-- GeneralRule = 0.75 | DoiRule =A |-- GeneralRule = 0.75 | DoiRule =A |-- GeneralRule = 0.75 | DoiRule =A |-- GeneralRule = 0.75 | DoiRule =A |-- GeneralRule = 0.75 | DoiRule =A |-- GeneralRule = 0.75 | DoiRule =A |-- GeneralRule = 0.75 | DoiRule =A |-- GeneralRule = 0.75 | DoiRule =A |-- GeneralRule = 0.75 | DoiRule =A |-- GeneralRule = 0.75 | DoiRule =A |-- GeneralRule = 0.75 | DoiRule =A |-- GeneralRule = 0.75 | DoiRule =A |-- GeneralRule = 0.75 | DoiRule =A |-- GeneralRule = 0.75 | DoiRule =A |-- GeneralRule = 0.75 | DoiRule =A |-- GeneralRule = 0.75 | DoiRule =A |-- GeneralRule = 0.75 | DoiRule =A |-- GeneralRule = 0.75 | DoiRule =A |-- GeneralRule = 0.75 | DoiRule =A |-- GeneralRule = 0.75 | DoiRule =A |-- GeneralRule = 0.75 | DoiRule =A |-- GeneralRule = 0.75 | DoiRule =A |-- GeneralRule = 0.75 | DoiRule =A |-- GeneralRule = 0.75 | DoiRule =A |-- GeneralRule = 0.75 | DoiRule =A |-- GeneralRule = 0.75 | DoiRule =A |-- GeneralRule = 0.75 | DoiRule =A |-- GeneralRule = 0.75 | DoiRule =A |-- GeneralRule = 0.75 | DoiRule =A |-- GeneralRule = 0.75 | DoiRule =A |-- GeneralRule = 0.75 | DoiRule =A |-- GeneralRule = 0.75 | DoiRule =A |-- GeneralRule = 0.75 | DoiRule =A |-- GeneralRule = 0.75 | DoiRule =A |-- GeneralRule = 0.75 | DoiRule =A |-- GeneralRule = 0.75 | DoiRule =A |-- GeneralRule = 0.75 | DoiRule =A |-- GeneralRule = 0.75 | DoiRule =A |-- GeneralRule = 0.75 | DoiRule =A |-- GeneralRule = 0.75 | DoiRule =A |-- GeneralRule = 0.75 | DoiRule =A |-- GeneralRule = 0.75 | DoiRule =A |-- GeneralRule = 0.75 | DoiRule =A |-- GeneralRule = 0.75 | DoiRule =A |-- GeneralRule = 0.75 | DoiRule =A |-- GeneralRule = 0.75 | DoiRule =A |-- GeneralRule = 0.75 | DoiRule =A |-- GeneralRule = 0.75 | DoiRule =A |-- GeneralRule = 0.75 | DoiRule =A |-- GeneralRule = 0.75 | DoiRule =A |-- GeneralRule = 0.5 | DoiRule =A |-- GeneralRule = 0.75 | DoiRule =A |-- GeneralRule = 0.75 | DoiRule =A |-- GeneralRule = 0.75 | DoiRule =A |-- GeneralRule = 0.75 | DoiRule =A |-- GeneralRule = 0.75 | DoiRule =A |-- GeneralRule = 0.75 | DoiRule =A |-- GeneralRule = 0.75 | DoiRule =A |-- GeneralRule = 0.75 | DoiRule =A |-- GeneralRule = 0.75 | DoiRule =A |-- GeneralRule = 0.75 | DoiRule =A |-- GeneralRule = 0.75 | DoiRule =A |-- GeneralRule = 0.75 | DoiRule =A |--,NEAR_DUPLICATE
41004704,None,None,NO_DUPLICATE
40133130,None,None,NO_DUPLICATE
41884008,None,None,NO_DUPLICATE
41193808,None,None,NO_DUPLICATE
40999313,None,None,NO_DUPLICATE
40341235,None,None,NO_DUPLICATE
41777415,None,None,NO_DUPLICATE
41567473,None,None,NO_DUPLICATE
41599098,None,None,NO_DUPLICATE
40574038,None,None,NO_DUPLICATE
40315260,None,None,NO_DUPLICATE
41210195,None,None,NO_DUPLICATE
41900858,None,None,NO_DUPLICATE
40138202,None,None,NO_DUPLICATE
41805162,None,None,NO_DUPLICATE
40626788,None,None,NO_DUPLICATE
41318216,None,None,NO_DUPLICATE
41897719,None,None,NO_DUPLICATE
41294959,None,None,NO_DUPLICATE
40584460,None,None,NO_DUPLICATE
40765703, | http://sedici.unlp.edu.ar/handle/10915/71918 | http://sedici.unlp.edu.ar/handle/10915/68340 | http://sedici.unlp.edu.ar/handle/10915/74507 | http://sedici.unlp.edu.ar/handle/10915/72165 | http://sedici.unlp.edu.ar/handle/10915/72316 | http://sedici.unlp.edu.ar/handle/10915/97467 | http://sedici.unlp.edu.ar/handle/10915/97488 | http://sedici.unlp.edu.ar/handle/10915/34050 | http://sedici.unlp.edu.ar/handle/10915/36354 | http://sedici.unlp.edu.ar/handle/10915/42843 | http://sedici.unlp.edu.ar/handle/10915/71845 | http://sedici.unlp.edu.ar/handle/10915/45961 | http://sedici.unlp.edu.ar/handle/10915/78824 | http://sedici.unlp.edu.ar/handle/10915/67743 | http://sedici.unlp.edu.ar/handle/10915/78023 | http://sedici.unlp.edu.ar/handle/10915/81733 | http://sedici.unlp.edu.ar/handle/10915/92250 | http://sedici.unlp.edu.ar/handle/10915/101450 | http://sedici.unlp.edu.ar/handle/10915/32922 | http://sedici.unlp.edu.ar/handle/10915/33647 | http://sedici.unlp.edu.ar/handle/10915/30257 | http://sedici.unlp.edu.ar/handle/10915/32600 | http://sedici.unlp.edu.ar/handle/10915/31527 | http://sedici.unlp.edu.ar/handle/10915/32525 | http://sedici.unlp.edu.ar/handle/10915/32768 | http://sedici.unlp.edu.ar/handle/10915/34077 | http://sedici.unlp.edu.ar/handle/10915/32953 | http://sedici.unlp.edu.ar/handle/10915/34032 | http://sedici.unlp.edu.ar/handle/10915/46417 | http://sedici.unlp.edu.ar/handle/10915/30203|https://doi.org/10.35537/10915/30203 | http://sedici.unlp.edu.ar/handle/10915/33232 | http://sedici.unlp.edu.ar/handle/10915/33854 | http://sedici.unlp.edu.ar/handle/10915/33781 | http://sedici.unlp.edu.ar/handle/10915/34051 | http://sedici.unlp.edu.ar/handle/10915/34088 | http://sedici.unlp.edu.ar/handle/10915/34359 | http://sedici.unlp.edu.ar/handle/10915/35001 | http://sedici.unlp.edu.ar/handle/10915/35232 | http://sedici.unlp.edu.ar/handle/10915/35806 | http://sedici.unlp.edu.ar/handle/10915/35930 | http://sedici.unlp.edu.ar/handle/10915/35704 | http://sedici.unlp.edu.ar/handle/10915/36538 | http://sedici.unlp.edu.ar/handle/10915/36312 | http://sedici.unlp.edu.ar/handle/10915/36483 | http://sedici.unlp.edu.ar/handle/10915/36467 | http://sedici.unlp.edu.ar/handle/10915/35569 | http://sedici.unlp.edu.ar/handle/10915/35850 | http://sedici.unlp.edu.ar/handle/10915/36008 | http://sedici.unlp.edu.ar/handle/10915/34370 | http://sedici.unlp.edu.ar/handle/10915/36660 | http://sedici.unlp.edu.ar/handle/10915/36559 | http://sedici.unlp.edu.ar/handle/10915/36417 | http://sedici.unlp.edu.ar/handle/10915/36616 | http://sedici.unlp.edu.ar/handle/10915/37137 | http://sedici.unlp.edu.ar/handle/10915/34584 | http://sedici.unlp.edu.ar/handle/10915/36166 | http://sedici.unlp.edu.ar/handle/10915/36109 | http://sedici.unlp.edu.ar/handle/10915/34768 | http://sedici.unlp.edu.ar/handle/10915/37505 | http://sedici.unlp.edu.ar/handle/10915/37532 | http://sedici.unlp.edu.ar/handle/10915/37569 | http://sedici.unlp.edu.ar/handle/10915/37619 | http://sedici.unlp.edu.ar/handle/10915/37854 | http://sedici.unlp.edu.ar/handle/10915/37562 | http://sedici.unlp.edu.ar/handle/10915/37514 | http://sedici.unlp.edu.ar/handle/10915/37673 | http://sedici.unlp.edu.ar/handle/10915/59838 | http://sedici.unlp.edu.ar/handle/10915/38065 | http://sedici.unlp.edu.ar/handle/10915/64170 | http://sedici.unlp.edu.ar/handle/10915/41386 | http://sedici.unlp.edu.ar/handle/10915/33014 | http://sedici.unlp.edu.ar/handle/10915/34067 | http://sedici.unlp.edu.ar/handle/10915/42882 | http://sedici.unlp.edu.ar/handle/10915/43426 | http://sedici.unlp.edu.ar/handle/10915/43537 | http://sedici.unlp.edu.ar/handle/10915/42958 | http://sedici.unlp.edu.ar/handle/10915/47156 | http://sedici.unlp.edu.ar/handle/10915/43773 | http://sedici.unlp.edu.ar/handle/10915/46536 | http://sedici.unlp.edu.ar/handle/10915/44989 | http://sedici.unlp.edu.ar/handle/10915/45078 | http://sedici.unlp.edu.ar/handle/10915/46248 | http://sedici.unlp.edu.ar/handle/10915/46784 | http://sedici.unlp.edu.ar/handle/10915/46464 | http://sedici.unlp.edu.ar/handle/10915/47062 | http://sedici.unlp.edu.ar/handle/10915/15335 | http://sedici.unlp.edu.ar/handle/10915/47321 | http://sedici.unlp.edu.ar/handle/10915/47521 | http://sedici.unlp.edu.ar/handle/10915/47634 | http://sedici.unlp.edu.ar/handle/10915/47717 | http://sedici.unlp.edu.ar/handle/10915/48077 | http://sedici.unlp.edu.ar/handle/10915/57293 | http://sedici.unlp.edu.ar/handle/10915/48613 | http://sedici.unlp.edu.ar/handle/10915/48456 | http://sedici.unlp.edu.ar/handle/10915/15396 | http://sedici.unlp.edu.ar/handle/10915/48798 | http://sedici.unlp.edu.ar/handle/10915/48944 | http://sedici.unlp.edu.ar/handle/10915/26901 | http://sedici.unlp.edu.ar/handle/10915/32449 | http://sedici.unlp.edu.ar/handle/10915/35745 | http://sedici.unlp.edu.ar/handle/10915/48983 | http://sedici.unlp.edu.ar/handle/10915/48995 | http://sedici.unlp.edu.ar/handle/10915/15354 | http://sedici.unlp.edu.ar/handle/10915/60254 | http://sedici.unlp.edu.ar/handle/10915/11781 | http://sedici.unlp.edu.ar/handle/10915/13640 | http://sedici.unlp.edu.ar/handle/10915/15384 | http://sedici.unlp.edu.ar/handle/10915/13926 | http://sedici.unlp.edu.ar/handle/10915/15296 | http://sedici.unlp.edu.ar/handle/10915/64540 | http://sedici.unlp.edu.ar/handle/10915/15322 | http://sedici.unlp.edu.ar/handle/10915/15389 | http://sedici.unlp.edu.ar/handle/10915/15395 | http://sedici.unlp.edu.ar/handle/10915/13927 | http://sedici.unlp.edu.ar/handle/10915/15400 | http://sedici.unlp.edu.ar/handle/10915/15338 | http://sedici.unlp.edu.ar/handle/10915/15342 | http://sedici.unlp.edu.ar/handle/10915/15404 | http://sedici.unlp.edu.ar/handle/10915/15346 | http://sedici.unlp.edu.ar/handle/10915/15408 | http://sedici.unlp.edu.ar/handle/10915/15412 | http://sedici.unlp.edu.ar/handle/10915/15416 | http://sedici.unlp.edu.ar/handle/10915/15350 | http://sedici.unlp.edu.ar/handle/10915/15419 | http://sedici.unlp.edu.ar/handle/10915/15357 | http://sedici.unlp.edu.ar/handle/10915/15301 | http://sedici.unlp.edu.ar/handle/10915/15361 | http://sedici.unlp.edu.ar/handle/10915/15365 | http://sedici.unlp.edu.ar/handle/10915/15309 | http://sedici.unlp.edu.ar/handle/10915/15369 | http://sedici.unlp.edu.ar/handle/10915/15373 | http://sedici.unlp.edu.ar/handle/10915/13940 | http://sedici.unlp.edu.ar/handle/10915/15314 | http://sedici.unlp.edu.ar/handle/10915/21913 | http://sedici.unlp.edu.ar/handle/10915/15318 | http://sedici.unlp.edu.ar/handle/10915/15305 | http://sedici.unlp.edu.ar/handle/10915/15326 | http://sedici.unlp.edu.ar/handle/10915/26024 | http://sedici.unlp.edu.ar/handle/10915/15331 | http://sedici.unlp.edu.ar/handle/10915/18489 | http://sedici.unlp.edu.ar/handle/10915/27640 | http://sedici.unlp.edu.ar/handle/10915/54470 | http://sedici.unlp.edu.ar/handle/10915/54453 | http://sedici.unlp.edu.ar/handle/10915/57787 | http://sedici.unlp.edu.ar/handle/10915/57735 | http://sedici.unlp.edu.ar/handle/10915/57900 | http://sedici.unlp.edu.ar/handle/10915/49301 | http://sedici.unlp.edu.ar/handle/10915/54989 | http://sedici.unlp.edu.ar/handle/10915/47233 | http://sedici.unlp.edu.ar/handle/10915/49959 | http://sedici.unlp.edu.ar/handle/10915/45365 | http://sedici.unlp.edu.ar/handle/10915/50128 | http://sedici.unlp.edu.ar/handle/10915/60906 | http://sedici.unlp.edu.ar/handle/10915/57189 | http://sedici.unlp.edu.ar/handle/10915/52545 | http://sedici.unlp.edu.ar/handle/10915/52571 | http://sedici.unlp.edu.ar/handle/10915/44128 | http://sedici.unlp.edu.ar/handle/10915/44129 | http://sedici.unlp.edu.ar/handle/10915/44145 | http://sedici.unlp.edu.ar/handle/10915/44144 | http://sedici.unlp.edu.ar/handle/10915/53171 | http://sedici.unlp.edu.ar/handle/10915/51059 | http://sedici.unlp.edu.ar/handle/10915/51076 | http://sedici.unlp.edu.ar/handle/10915/65889 | http://sedici.unlp.edu.ar/handle/10915/61399 | http://sedici.unlp.edu.ar/handle/10915/59084|https://doi.org/10.35537/10915/59084 | http://sedici.unlp.edu.ar/handle/10915/62491 | http://sedici.unlp.edu.ar/handle/10915/63065 | http://sedici.unlp.edu.ar/handle/10915/66536 | http://sedici.unlp.edu.ar/handle/10915/66597 | http://sedici.unlp.edu.ar/handle/10915/63749 | http://sedici.unlp.edu.ar/handle/10915/32601 | http://sedici.unlp.edu.ar/handle/10915/33050 | http://sedici.unlp.edu.ar/handle/10915/34286 | http://sedici.unlp.edu.ar/handle/10915/122225 | http://sedici.unlp.edu.ar/handle/10915/116102 | http://sedici.unlp.edu.ar/handle/10915/135940 | http://sedici.unlp.edu.ar/handle/10915/137993, GeneralRule = 0.75 |-- GeneralRule = 0.75 | DoiRule =A |-- GeneralRule = 0.75 |-- GeneralRule = 0.75 |-- GeneralRule = 0.75 |-- GeneralRule = 0.75 | DoiRule =A |-- GeneralRule = 0.75 | DoiRule =A |-- GeneralRule = 0.75 | DoiRule =A |-- GeneralRule = 0.75 | DoiRule =A |-- GeneralRule = 0.75 | DoiRule =A |-- GeneralRule = 0.75 | DoiRule =A |-- GeneralRule = 0.75 | DoiRule =A |-- GeneralRule = 0.75 | DoiRule =A |-- GeneralRule = 0.75 |-- GeneralRule = 0.75 |-- GeneralRule = 0.75 | DoiRule =A |-- GeneralRule = 0.75 | DoiRule =A |-- GeneralRule = 0.75 | DoiRule =A |-- GeneralRule = 0.75 | DoiRule =A |-- GeneralRule = 0.75 | DoiRule =A |-- GeneralRule = 0.75 | DoiRule =A |-- GeneralRule = 0.75 | DoiRule =A |-- GeneralRule = 0.75 | DoiRule =A |-- GeneralRule = 0.75 | DoiRule =A |-- GeneralRule = 0.75 | DoiRule =A |-- GeneralRule = 0.75 | DoiRule =A |-- GeneralRule = 0.75 | DoiRule =A |-- GeneralRule = 0.75 | DoiRule =A |-- GeneralRule = 0.75 | DoiRule =A |-- GeneralRule = 0.5 | DoiRule =A |-- GeneralRule = 0.75 | DoiRule =A |-- GeneralRule = 0.75 | DoiRule =A |-- GeneralRule = 0.75 | DoiRule =A |-- GeneralRule = 0.75 | DoiRule =A |-- GeneralRule = 0.75 | DoiRule =A |-- GeneralRule = 0.75 | DoiRule =A |-- GeneralRule = 0.75 | DoiRule =A |-- GeneralRule = 0.75 | DoiRule =A |-- GeneralRule = 0.75 | DoiRule =A |-- GeneralRule = 0.75 | DoiRule =A |-- GeneralRule = 0.75 | DoiRule =A |-- GeneralRule = 0.75 | DoiRule =A |-- GeneralRule = 0.75 | DoiRule =A |-- GeneralRule = 0.75 | DoiRule =A |-- GeneralRule = 0.75 | DoiRule =A |-- GeneralRule = 0.75 | DoiRule =A |-- GeneralRule = 0.75 | DoiRule =A |-- GeneralRule = 0.75 | DoiRule =A |-- GeneralRule = 0.75 | DoiRule =A |-- GeneralRule = 0.75 | DoiRule =A |-- GeneralRule = 0.75 | DoiRule =A |-- GeneralRule = 0.75 | DoiRule =A |-- GeneralRule = 0.75 | DoiRule =A |-- GeneralRule = 0.75 | DoiRule =A |-- GeneralRule = 0.75 | DoiRule =A |-- GeneralRule = 0.75 | DoiRule =A |-- GeneralRule = 0.75 | DoiRule =A |-- GeneralRule = 0.75 | DoiRule =A |-- GeneralRule = 0.75 | DoiRule =A |-- GeneralRule = 0.75 | DoiRule =A |-- GeneralRule = 0.75 | DoiRule =A |-- GeneralRule = 0.75 | DoiRule =A |-- GeneralRule = 0.75 | DoiRule =A |-- GeneralRule = 0.75 | DoiRule =A |-- GeneralRule = 0.75 | DoiRule =A |-- GeneralRule = 0.75 | DoiRule =A |-- GeneralRule = 0.75 | DoiRule =A |-- GeneralRule = 0.75 | DoiRule =A |-- GeneralRule = 0.75 | DoiRule =A |-- GeneralRule = 0.75 | DoiRule =A |-- GeneralRule = 0.75 | DoiRule =A |-- GeneralRule = 0.75 | DoiRule =A |-- GeneralRule = 0.75 | DoiRule =A |-- GeneralRule = 0.75 | DoiRule =A |-- GeneralRule = 0.75 | DoiRule =A |-- GeneralRule = 0.75 | DoiRule =A |-- GeneralRule = 0.75 | DoiRule =A |-- GeneralRule = 0.75 | DoiRule =A |-- GeneralRule = 0.75 | DoiRule =A |-- GeneralRule = 0.75 | DoiRule =A |-- GeneralRule = 0.75 | DoiRule =A |-- GeneralRule = 0.75 | DoiRule =A |-- GeneralRule = 0.75 | DoiRule =A |-- GeneralRule = 0.75 | DoiRule =A |-- GeneralRule = 0.75 | DoiRule =A |-- GeneralRule = 0.75 | DoiRule =A |-- GeneralRule = 0.75 | DoiRule =A |-- GeneralRule = 0.75 | DoiRule =A |-- GeneralRule = 0.75 | DoiRule =A |-- GeneralRule = 0.75 | DoiRule =A |-- GeneralRule = 0.75 | DoiRule =A |-- GeneralRule = 0.75 | DoiRule =A |-- GeneralRule = 0.75 | DoiRule =A |-- GeneralRule = 0.75 | DoiRule =A |-- GeneralRule = 0.75 | DoiRule =A |-- GeneralRule = 0.75 | DoiRule =A |-- GeneralRule = 0.75 | DoiRule =A |-- GeneralRule = 0.75 | DoiRule =A |-- GeneralRule = 0.75 | DoiRule =A |-- GeneralRule = 0.75 | DoiRule =A |-- GeneralRule = 0.75 | DoiRule =A |-- GeneralRule = 0.75 | DoiRule =A |-- GeneralRule = 0.75 | DoiRule =A |-- GeneralRule = 0.75 | DoiRule =A |-- GeneralRule = 0.75 | DoiRule =A |-- GeneralRule = 0.75 | DoiRule =A |-- GeneralRule = 0.75 | DoiRule =A |-- GeneralRule = 0.75 | DoiRule =A |-- GeneralRule = 0.75 | DoiRule =A |-- GeneralRule = 0.75 | DoiRule =A |-- GeneralRule = 0.75 | DoiRule =A |-- GeneralRule = 0.75 | DoiRule =A |-- GeneralRule = 0.75 | DoiRule =A |-- GeneralRule = 0.75 | DoiRule =A |-- GeneralRule = 0.75 | DoiRule =A |-- GeneralRule = 0.75 | DoiRule =A |-- GeneralRule = 0.75 | DoiRule =A |-- GeneralRule = 0.75 | DoiRule =A |-- GeneralRule = 0.75 | DoiRule =A |-- GeneralRule = 0.75 | DoiRule =A |-- GeneralRule = 0.75 | DoiRule =A |-- GeneralRule = 0.75 | DoiRule =A |-- GeneralRule = 0.75 | DoiRule =A |-- GeneralRule = 0.75 | DoiRule =A |-- GeneralRule = 0.75 | DoiRule =A |-- GeneralRule = 0.75 | DoiRule =A |-- GeneralRule = 0.75 | DoiRule =A |-- GeneralRule = 0.75 | DoiRule =A |-- GeneralRule = 0.75 | DoiRule =A |-- GeneralRule = 0.75 | DoiRule =A |-- GeneralRule = 0.75 | DoiRule =A |-- GeneralRule = 0.75 | DoiRule =A |-- GeneralRule = 0.75 | DoiRule =A |-- GeneralRule = 0.75 | DoiRule =A |-- GeneralRule = 0.75 | DoiRule =A |-- GeneralRule = 0.75 | DoiRule =A |-- GeneralRule = 0.75 | DoiRule =A |-- GeneralRule = 0.75 | DoiRule =A |-- GeneralRule = 0.75 | DoiRule =A |-- GeneralRule = 0.75 | DoiRule =A |-- GeneralRule = 0.75 | DoiRule =A |-- GeneralRule = 0.75 | DoiRule =A |-- GeneralRule = 0.75 | DoiRule =A |-- GeneralRule = 0.75 | DoiRule =A |-- GeneralRule = 0.75 | DoiRule =A |-- GeneralRule = 0.75 | DoiRule =A |-- GeneralRule = 0.75 | DoiRule =A |-- GeneralRule = 0.75 | DoiRule =A |-- GeneralRule = 0.75 | DoiRule =A |-- GeneralRule = 0.75 | DoiRule =A |-- GeneralRule = 0.75 | DoiRule =A |-- GeneralRule = 0.75 | DoiRule =A |-- GeneralRule = 0.75 | DoiRule =A |-- GeneralRule = 0.75 | DoiRule =A |-- GeneralRule = 0.75 | DoiRule =A |-- GeneralRule = 0.75 | DoiRule =A |-- GeneralRule = 0.75 | DoiRule =A |-- GeneralRule = 0.75 | DoiRule =A |-- GeneralRule = 0.75 | DoiRule =A |-- GeneralRule = 0.75 | DoiRule =A |-- GeneralRule = 0.75 | DoiRule =A |-- GeneralRule = 0.75 | DoiRule =A |-- GeneralRule = 0.75 | DoiRule =A |-- GeneralRule = 0.75 | DoiRule =A |-- GeneralRule = 0.75 | DoiRule =A |-- GeneralRule = 0.5 | DoiRule =A |-- GeneralRule = 0.75 | DoiRule =A |-- GeneralRule = 0.75 | DoiRule =A |-- GeneralRule = 0.75 | DoiRule =A |-- GeneralRule = 0.75 | DoiRule =A |-- GeneralRule = 0.75 | DoiRule =A |-- GeneralRule = 0.75 | DoiRule =A |-- GeneralRule = 0.75 | DoiRule =A |-- GeneralRule = 0.75 | DoiRule =A |-- GeneralRule = 0.75 | DoiRule =A |-- GeneralRule = 0.75 | DoiRule =A |-- GeneralRule = 0.75 | DoiRule =A |-- GeneralRule = 0.75 | DoiRule =A |--,NEAR_DUPLICATE
40210572,None,None,NO_DUPLICATE
40604079,None,None,NO_DUPLICATE
40434999,None,None,NO_DUPLICATE
41354741,None,None,NO_DUPLICATE
41696792,None,None,NO_DUPLICATE
41647373,None,None,NO_DUPLICATE
41458078,None,None,NO_DUPLICATE
40429824,None,None,NO_DUPLICATE
41032598,None,None,NO_DUPLICATE
36221976,None,None,NO_DUPLICATE
40767691,None,None,NO_DUPLICATE
41242792,None,None,NO_DUPLICATE
40565018,None,None,NO_DUPLICATE
41465529,None,None,NO_DUPLICATE
40653777,None,None,NO_DUPLICATE
41760845,None,None,NO_DUPLICATE
41271613,None,None,NO_DUPLICATE
41211580,None,None,NO_DUPLICATE
41124495,None,None,NO_DUPLICATE
41752489,None,None,NO_DUPLICATE
40354932,None,None,NO_DUPLICATE
41286014,None,None,NO_DUPLICATE
40695947,None,None,NO_DUPLICATE
41550279,None,None,NO_DUPLICATE
41775735,None,None,NO_DUPLICATE
41938794,None,None,NO_DUPLICATE
41524487,None,None,NO_DUPLICATE
41667275,None,None,NO_DUPLICATE
41752985,None,None,NO_DUPLICATE
40893977,None,None,NO_DUPLICATE
41719212,None,None,NO_DUPLICATE
41889599, | http://sedici.unlp.edu.ar/handle/10915/71918 | http://sedici.unlp.edu.ar/handle/10915/68340 | http://sedici.unlp.edu.ar/handle/10915/74507 | http://sedici.unlp.edu.ar/handle/10915/72165 | http://sedici.unlp.edu.ar/handle/10915/72316 | http://sedici.unlp.edu.ar/handle/10915/97467 | http://sedici.unlp.edu.ar/handle/10915/97488 | http://sedici.unlp.edu.ar/handle/10915/34050 | http://sedici.unlp.edu.ar/handle/10915/36354 | http://sedici.unlp.edu.ar/handle/10915/42843 | http://sedici.unlp.edu.ar/handle/10915/71845 | http://sedici.unlp.edu.ar/handle/10915/45961 | http://sedici.unlp.edu.ar/handle/10915/78824 | http://sedici.unlp.edu.ar/handle/10915/67743 | http://sedici.unlp.edu.ar/handle/10915/78023 | http://sedici.unlp.edu.ar/handle/10915/81733 | http://sedici.unlp.edu.ar/handle/10915/92250 | http://sedici.unlp.edu.ar/handle/10915/101450 | http://sedici.unlp.edu.ar/handle/10915/32922 | http://sedici.unlp.edu.ar/handle/10915/33647 | http://sedici.unlp.edu.ar/handle/10915/30257 | http://sedici.unlp.edu.ar/handle/10915/32600 | http://sedici.unlp.edu.ar/handle/10915/31527 | http://sedici.unlp.edu.ar/handle/10915/32525 | http://sedici.unlp.edu.ar/handle/10915/32768 | http://sedici.unlp.edu.ar/handle/10915/34077 | http://sedici.unlp.edu.ar/handle/10915/32953 | http://sedici.unlp.edu.ar/handle/10915/34032 | http://sedici.unlp.edu.ar/handle/10915/46417 | http://sedici.unlp.edu.ar/handle/10915/30203|https://doi.org/10.35537/10915/30203 | http://sedici.unlp.edu.ar/handle/10915/33232 | http://sedici.unlp.edu.ar/handle/10915/33854 | http://sedici.unlp.edu.ar/handle/10915/33781 | http://sedici.unlp.edu.ar/handle/10915/34051 | http://sedici.unlp.edu.ar/handle/10915/34088 | http://sedici.unlp.edu.ar/handle/10915/34359 | http://sedici.unlp.edu.ar/handle/10915/35001 | http://sedici.unlp.edu.ar/handle/10915/35232 | http://sedici.unlp.edu.ar/handle/10915/35806 | http://sedici.unlp.edu.ar/handle/10915/35930 | http://sedici.unlp.edu.ar/handle/10915/35704 | http://sedici.unlp.edu.ar/handle/10915/36538 | http://sedici.unlp.edu.ar/handle/10915/36312 | http://sedici.unlp.edu.ar/handle/10915/36483 | http://sedici.unlp.edu.ar/handle/10915/36467 | http://sedici.unlp.edu.ar/handle/10915/35569 | http://sedici.unlp.edu.ar/handle/10915/35850 | http://sedici.unlp.edu.ar/handle/10915/36008 | http://sedici.unlp.edu.ar/handle/10915/34370 | http://sedici.unlp.edu.ar/handle/10915/36660 | http://sedici.unlp.edu.ar/handle/10915/36559 | http://sedici.unlp.edu.ar/handle/10915/36417 | http://sedici.unlp.edu.ar/handle/10915/36616 | http://sedici.unlp.edu.ar/handle/10915/37137 | http://sedici.unlp.edu.ar/handle/10915/34584 | http://sedici.unlp.edu.ar/handle/10915/36166 | http://sedici.unlp.edu.ar/handle/10915/36109 | http://sedici.unlp.edu.ar/handle/10915/34768 | http://sedici.unlp.edu.ar/handle/10915/37505 | http://sedici.unlp.edu.ar/handle/10915/37532 | http://sedici.unlp.edu.ar/handle/10915/37569 | http://sedici.unlp.edu.ar/handle/10915/37619 | http://sedici.unlp.edu.ar/handle/10915/37854 | http://sedici.unlp.edu.ar/handle/10915/37562 | http://sedici.unlp.edu.ar/handle/10915/37514 | http://sedici.unlp.edu.ar/handle/10915/37673 | http://sedici.unlp.edu.ar/handle/10915/59838 | http://sedici.unlp.edu.ar/handle/10915/38065 | http://sedici.unlp.edu.ar/handle/10915/64170 | http://sedici.unlp.edu.ar/handle/10915/41386 | http://sedici.unlp.edu.ar/handle/10915/33014 | http://sedici.unlp.edu.ar/handle/10915/34067 | http://sedici.unlp.edu.ar/handle/10915/42882 | http://sedici.unlp.edu.ar/handle/10915/43426 | http://sedici.unlp.edu.ar/handle/10915/43537 | http://sedici.unlp.edu.ar/handle/10915/42958 | http://sedici.unlp.edu.ar/handle/10915/47156 | http://sedici.unlp.edu.ar/handle/10915/43773 | http://sedici.unlp.edu.ar/handle/10915/46536 | http://sedici.unlp.edu.ar/handle/10915/44989 | http://sedici.unlp.edu.ar/handle/10915/45078 | http://sedici.unlp.edu.ar/handle/10915/46248 | http://sedici.unlp.edu.ar/handle/10915/46784 | http://sedici.unlp.edu.ar/handle/10915/46464 | http://sedici.unlp.edu.ar/handle/10915/47062 | http://sedici.unlp.edu.ar/handle/10915/15335 | http://sedici.unlp.edu.ar/handle/10915/47321 | http://sedici.unlp.edu.ar/handle/10915/47521 | http://sedici.unlp.edu.ar/handle/10915/47634 | http://sedici.unlp.edu.ar/handle/10915/47717 | http://sedici.unlp.edu.ar/handle/10915/48077 | http://sedici.unlp.edu.ar/handle/10915/57293 | http://sedici.unlp.edu.ar/handle/10915/48613 | http://sedici.unlp.edu.ar/handle/10915/48456 | http://sedici.unlp.edu.ar/handle/10915/15396 | http://sedici.unlp.edu.ar/handle/10915/48798 | http://sedici.unlp.edu.ar/handle/10915/48944 | http://sedici.unlp.edu.ar/handle/10915/26901 | http://sedici.unlp.edu.ar/handle/10915/32449 | http://sedici.unlp.edu.ar/handle/10915/35745 | http://sedici.unlp.edu.ar/handle/10915/48983 | http://sedici.unlp.edu.ar/handle/10915/48995 | http://sedici.unlp.edu.ar/handle/10915/15354 | http://sedici.unlp.edu.ar/handle/10915/60254 | http://sedici.unlp.edu.ar/handle/10915/11781 | http://sedici.unlp.edu.ar/handle/10915/13640 | http://sedici.unlp.edu.ar/handle/10915/15384 | http://sedici.unlp.edu.ar/handle/10915/13926 | http://sedici.unlp.edu.ar/handle/10915/15296 | http://sedici.unlp.edu.ar/handle/10915/64540 | http://sedici.unlp.edu.ar/handle/10915/15322 | http://sedici.unlp.edu.ar/handle/10915/15389 | http://sedici.unlp.edu.ar/handle/10915/15395 | http://sedici.unlp.edu.ar/handle/10915/13927 | http://sedici.unlp.edu.ar/handle/10915/15400 | http://sedici.unlp.edu.ar/handle/10915/15338 | http://sedici.unlp.edu.ar/handle/10915/15342 | http://sedici.unlp.edu.ar/handle/10915/15404 | http://sedici.unlp.edu.ar/handle/10915/15346 | http://sedici.unlp.edu.ar/handle/10915/15408 | http://sedici.unlp.edu.ar/handle/10915/15412 | http://sedici.unlp.edu.ar/handle/10915/15416 | http://sedici.unlp.edu.ar/handle/10915/15350 | http://sedici.unlp.edu.ar/handle/10915/15419 | http://sedici.unlp.edu.ar/handle/10915/15357 | http://sedici.unlp.edu.ar/handle/10915/15301 | http://sedici.unlp.edu.ar/handle/10915/15361 | http://sedici.unlp.edu.ar/handle/10915/15365 | http://sedici.unlp.edu.ar/handle/10915/15309 | http://sedici.unlp.edu.ar/handle/10915/15369 | http://sedici.unlp.edu.ar/handle/10915/15373 | http://sedici.unlp.edu.ar/handle/10915/13940 | http://sedici.unlp.edu.ar/handle/10915/15314 | http://sedici.unlp.edu.ar/handle/10915/21913 | http://sedici.unlp.edu.ar/handle/10915/15318 | http://sedici.unlp.edu.ar/handle/10915/15305 | http://sedici.unlp.edu.ar/handle/10915/15326 | http://sedici.unlp.edu.ar/handle/10915/26024 | http://sedici.unlp.edu.ar/handle/10915/15331 | http://sedici.unlp.edu.ar/handle/10915/18489 | http://sedici.unlp.edu.ar/handle/10915/27640 | http://sedici.unlp.edu.ar/handle/10915/54470 | http://sedici.unlp.edu.ar/handle/10915/54453 | http://sedici.unlp.edu.ar/handle/10915/57787 | http://sedici.unlp.edu.ar/handle/10915/57735 | http://sedici.unlp.edu.ar/handle/10915/57900 | http://sedici.unlp.edu.ar/handle/10915/49301 | http://sedici.unlp.edu.ar/handle/10915/54989 | http://sedici.unlp.edu.ar/handle/10915/47233 | http://sedici.unlp.edu.ar/handle/10915/49959 | http://sedici.unlp.edu.ar/handle/10915/45365 | http://sedici.unlp.edu.ar/handle/10915/50128 | http://sedici.unlp.edu.ar/handle/10915/60906 | http://sedici.unlp.edu.ar/handle/10915/57189 | http://sedici.unlp.edu.ar/handle/10915/52545 | http://sedici.unlp.edu.ar/handle/10915/52571 | http://sedici.unlp.edu.ar/handle/10915/44128 | http://sedici.unlp.edu.ar/handle/10915/44129 | http://sedici.unlp.edu.ar/handle/10915/44145 | http://sedici.unlp.edu.ar/handle/10915/44144 | http://sedici.unlp.edu.ar/handle/10915/53171 | http://sedici.unlp.edu.ar/handle/10915/51059 | http://sedici.unlp.edu.ar/handle/10915/51076 | http://sedici.unlp.edu.ar/handle/10915/65889 | http://sedici.unlp.edu.ar/handle/10915/61399 | http://sedici.unlp.edu.ar/handle/10915/59084|https://doi.org/10.35537/10915/59084 | http://sedici.unlp.edu.ar/handle/10915/62491 | http://sedici.unlp.edu.ar/handle/10915/63065 | http://sedici.unlp.edu.ar/handle/10915/66536 | http://sedici.unlp.edu.ar/handle/10915/66597 | http://sedici.unlp.edu.ar/handle/10915/63749 | http://sedici.unlp.edu.ar/handle/10915/32601 | http://sedici.unlp.edu.ar/handle/10915/33050 | http://sedici.unlp.edu.ar/handle/10915/34286 | http://sedici.unlp.edu.ar/handle/10915/122225 | http://sedici.unlp.edu.ar/handle/10915/116102 | http://sedici.unlp.edu.ar/handle/10915/135940 | http://sedici.unlp.edu.ar/handle/10915/137993, GeneralRule = 0.75 |-- GeneralRule = 0.75 | DoiRule =A |-- GeneralRule = 0.75 |-- GeneralRule = 0.75 |-- GeneralRule = 0.75 |-- GeneralRule = 0.75 | DoiRule =A |-- GeneralRule = 0.75 | DoiRule =A |-- GeneralRule = 0.75 | DoiRule =A |-- GeneralRule = 0.75 | DoiRule =A |-- GeneralRule = 0.75 | DoiRule =A |-- GeneralRule = 0.75 | DoiRule =A |-- GeneralRule = 0.75 | DoiRule =A |-- GeneralRule = 0.75 | DoiRule =A |-- GeneralRule = 0.75 |-- GeneralRule = 0.75 |-- GeneralRule = 0.75 | DoiRule =A |-- GeneralRule = 0.75 | DoiRule =A |-- GeneralRule = 0.75 | DoiRule =A |-- GeneralRule = 0.75 | DoiRule =A |-- GeneralRule = 0.75 | DoiRule =A |-- GeneralRule = 0.75 | DoiRule =A |-- GeneralRule = 0.75 | DoiRule =A |-- GeneralRule = 0.75 | DoiRule =A |-- GeneralRule = 0.75 | DoiRule =A |-- GeneralRule = 0.75 | DoiRule =A |-- GeneralRule = 0.75 | DoiRule =A |-- GeneralRule = 0.75 | DoiRule =A |-- GeneralRule = 0.75 | DoiRule =A |-- GeneralRule = 0.75 | DoiRule =A |-- GeneralRule = 0.5 | DoiRule =A |-- GeneralRule = 0.75 | DoiRule =A |-- GeneralRule = 0.75 | DoiRule =A |-- GeneralRule = 0.75 | DoiRule =A |-- GeneralRule = 0.75 | DoiRule =A |-- GeneralRule = 0.75 | DoiRule =A |-- GeneralRule = 0.75 | DoiRule =A |-- GeneralRule = 0.75 | DoiRule =A |-- GeneralRule = 0.75 | DoiRule =A |-- GeneralRule = 0.75 | DoiRule =A |-- GeneralRule = 0.75 | DoiRule =A |-- GeneralRule = 0.75 | DoiRule =A |-- GeneralRule = 0.75 | DoiRule =A |-- GeneralRule = 0.75 | DoiRule =A |-- GeneralRule = 0.75 | DoiRule =A |-- GeneralRule = 0.75 | DoiRule =A |-- GeneralRule = 0.75 | DoiRule =A |-- GeneralRule = 0.75 | DoiRule =A |-- GeneralRule = 0.75 | DoiRule =A |-- GeneralRule = 0.75 | DoiRule =A |-- GeneralRule = 0.75 | DoiRule =A |-- GeneralRule = 0.75 | DoiRule =A |-- GeneralRule = 0.75 | DoiRule =A |-- GeneralRule = 0.75 | DoiRule =A |-- GeneralRule = 0.75 | DoiRule =A |-- GeneralRule = 0.75 | DoiRule =A |-- GeneralRule = 0.75 | DoiRule =A |-- GeneralRule = 0.75 | DoiRule =A |-- GeneralRule = 0.75 | DoiRule =A |-- GeneralRule = 0.75 | DoiRule =A |-- GeneralRule = 0.75 | DoiRule =A |-- GeneralRule = 0.75 | DoiRule =A |-- GeneralRule = 0.75 | DoiRule =A |-- GeneralRule = 0.75 | DoiRule =A |-- GeneralRule = 0.75 | DoiRule =A |-- GeneralRule = 0.75 | DoiRule =A |-- GeneralRule = 0.75 | DoiRule =A |-- GeneralRule = 0.75 | DoiRule =A |-- GeneralRule = 0.75 | DoiRule =A |-- GeneralRule = 0.75 | DoiRule =A |-- GeneralRule = 0.75 | DoiRule =A |-- GeneralRule = 0.75 | DoiRule =A |-- GeneralRule = 0.75 | DoiRule =A |-- GeneralRule = 0.75 | DoiRule =A |-- GeneralRule = 0.75 | DoiRule =A |-- GeneralRule = 0.75 | DoiRule =A |-- GeneralRule = 0.75 | DoiRule =A |-- GeneralRule = 0.75 | DoiRule =A |-- GeneralRule = 0.75 | DoiRule =A |-- GeneralRule = 0.75 | DoiRule =A |-- GeneralRule = 0.75 | DoiRule =A |-- GeneralRule = 0.75 | DoiRule =A |-- GeneralRule = 0.75 | DoiRule =A |-- GeneralRule = 0.75 | DoiRule =A |-- GeneralRule = 0.75 | DoiRule =A |-- GeneralRule = 0.75 | DoiRule =A |-- GeneralRule = 0.75 | DoiRule =A |-- GeneralRule = 0.75 | DoiRule =A |-- GeneralRule = 0.75 | DoiRule =A |-- GeneralRule = 0.75 | DoiRule =A |-- GeneralRule = 0.75 | DoiRule =A |-- GeneralRule = 0.75 | DoiRule =A |-- GeneralRule = 0.75 | DoiRule =A |-- GeneralRule = 0.75 | DoiRule =A |-- GeneralRule = 0.75 | DoiRule =A |-- GeneralRule = 0.75 | DoiRule =A |-- GeneralRule = 0.75 | DoiRule =A |-- GeneralRule = 0.75 | DoiRule =A |-- GeneralRule = 0.75 | DoiRule =A |-- GeneralRule = 0.75 | DoiRule =A |-- GeneralRule = 0.75 | DoiRule =A |-- GeneralRule = 0.75 | DoiRule =A |-- GeneralRule = 0.75 | DoiRule =A |-- GeneralRule = 0.75 | DoiRule =A |-- GeneralRule = 0.75 | DoiRule =A |-- GeneralRule = 0.75 | DoiRule =A |-- GeneralRule = 0.75 | DoiRule =A |-- GeneralRule = 0.75 | DoiRule =A |-- GeneralRule = 0.75 | DoiRule =A |-- GeneralRule = 0.75 | DoiRule =A |-- GeneralRule = 0.75 | DoiRule =A |-- GeneralRule = 0.75 | DoiRule =A |-- GeneralRule = 0.75 | DoiRule =A |-- GeneralRule = 0.75 | DoiRule =A |-- GeneralRule = 0.75 | DoiRule =A |-- GeneralRule = 0.75 | DoiRule =A |-- GeneralRule = 0.75 | DoiRule =A |-- GeneralRule = 0.75 | DoiRule =A |-- GeneralRule = 0.75 | DoiRule =A |-- GeneralRule = 0.75 | DoiRule =A |-- GeneralRule = 0.75 | DoiRule =A |-- GeneralRule = 0.75 | DoiRule =A |-- GeneralRule = 0.75 | DoiRule =A |-- GeneralRule = 0.75 | DoiRule =A |-- GeneralRule = 0.75 | DoiRule =A |-- GeneralRule = 0.75 | DoiRule =A |-- GeneralRule = 0.75 | DoiRule =A |-- GeneralRule = 0.75 | DoiRule =A |-- GeneralRule = 0.75 | DoiRule =A |-- GeneralRule = 0.75 | DoiRule =A |-- GeneralRule = 0.75 | DoiRule =A |-- GeneralRule = 0.75 | DoiRule =A |-- GeneralRule = 0.75 | DoiRule =A |-- GeneralRule = 0.75 | DoiRule =A |-- GeneralRule = 0.75 | DoiRule =A |-- GeneralRule = 0.75 | DoiRule =A |-- GeneralRule = 0.75 | DoiRule =A |-- GeneralRule = 0.75 | DoiRule =A |-- GeneralRule = 0.75 | DoiRule =A |-- GeneralRule = 0.75 | DoiRule =A |-- GeneralRule = 0.75 | DoiRule =A |-- GeneralRule = 0.75 | DoiRule =A |-- GeneralRule = 0.75 | DoiRule =A |-- GeneralRule = 0.75 | DoiRule =A |-- GeneralRule = 0.75 | DoiRule =A |-- GeneralRule = 0.75 | DoiRule =A |-- GeneralRule = 0.75 | DoiRule =A |-- GeneralRule = 0.75 | DoiRule =A |-- GeneralRule = 0.75 | DoiRule =A |-- GeneralRule = 0.75 | DoiRule =A |-- GeneralRule = 0.75 | DoiRule =A |-- GeneralRule = 0.75 | DoiRule =A |-- GeneralRule = 0.75 | DoiRule =A |-- GeneralRule = 0.75 | DoiRule =A |-- GeneralRule = 0.75 | DoiRule =A |-- GeneralRule = 0.75 | DoiRule =A |-- GeneralRule = 0.75 | DoiRule =A |-- GeneralRule = 0.75 | DoiRule =A |-- GeneralRule = 0.75 | DoiRule =A |-- GeneralRule = 0.75 | DoiRule =A |-- GeneralRule = 0.75 | DoiRule =A |-- GeneralRule = 0.75 | DoiRule =A |-- GeneralRule = 0.75 | DoiRule =A |-- GeneralRule = 0.75 | DoiRule =A |-- GeneralRule = 0.75 | DoiRule =A |-- GeneralRule = 0.75 | DoiRule =A |-- GeneralRule = 0.5 | DoiRule =A |-- GeneralRule = 0.75 | DoiRule =A |-- GeneralRule = 0.75 | DoiRule =A |-- GeneralRule = 0.75 | DoiRule =A |-- GeneralRule = 0.75 | DoiRule =A |-- GeneralRule = 0.75 | DoiRule =A |-- GeneralRule = 0.75 | DoiRule =A |-- GeneralRule = 0.75 | DoiRule =A |-- GeneralRule = 0.75 | DoiRule =A |-- GeneralRule = 0.75 | DoiRule =A |-- GeneralRule = 0.75 | DoiRule =A |-- GeneralRule = 0.75 | DoiRule =A |-- GeneralRule = 0.75 | DoiRule =A |--,NEAR_DUPLICATE
41079569,None,None,NO_DUPLICATE
41032409,None,None,NO_DUPLICATE
40852364,None,None,NO_DUPLICATE
41868865,None,None,NO_DUPLICATE
40781096,None,None,NO_DUPLICATE
41157573,None,None,NO_DUPLICATE
41883411,None,None,NO_DUPLICATE
41354505,None,None,NO_DUPLICATE
41014142,None,None,NO_DUPLICATE
40691938,None,None,NO_DUPLICATE
41788478,None,None,NO_DUPLICATE
40431729,None,None,NO_DUPLICATE
40647138,None,None,NO_DUPLICATE
40497457,None,None,NO_DUPLICATE
40986398,None,None,NO_DUPLICATE
41587229,None,None,NO_DUPLICATE
